#,Date-Time (CDT),Temperature   (°F),RH   (%),Dew Point   (°F),Host Connected,Stopped,End of File
1,04/27/2023 07:57:43,71.58,28.770,37.48,,,
2,04/27/2023 07:58:43,71.62,29.530,38.18,,,
3,04/27/2023 07:59:43,71.65,29.200,37.92,,,
4,04/27/2023 08:00:43,71.71,28.670,37.50,,,
5,04/27/2023 08:01:43,71.74,28.550,37.43,,,
6,04/27/2023 08:02:43,71.80,29.820,38.58,,,
7,04/27/2023 08:03:43,71.83,30.040,38.79,,,
8,04/27/2023 08:04:43,71.87,29.370,38.25,,,
9,04/27/2023 08:05:43,71.87,28.660,37.63,,,
10,04/27/2023 08:06:43,71.92,28.640,37.66,,,
11,04/27/2023 08:07:43,72.01,30.280,39.16,,,
12,04/27/2023 08:08:43,71.96,28.770,37.81,,,
13,04/27/2023 08:09:43,72.01,28.830,37.90,,,
14,04/27/2023 08:10:43,72.05,28.630,37.76,,,
15,04/27/2023 08:11:43,72.09,28.760,37.90,,,
16,04/27/2023 08:12:43,72.18,28.470,37.72,,,
17,04/27/2023 08:13:43,72.23,28.390,37.70,,,
18,04/27/2023 08:14:43,72.27,28.430,37.77,,,
19,04/27/2023 08:15:43,72.18,28.340,37.61,,,
20,04/27/2023 08:16:43,72.18,28.340,37.61,,,
21,04/27/2023 08:17:43,72.18,28.330,37.60,,,
22,04/27/2023 08:18:43,72.14,28.340,37.58,,,
23,04/27/2023 08:19:43,72.14,28.340,37.58,,,
24,04/27/2023 08:20:43,72.18,28.450,37.70,,,
25,04/27/2023 08:21:43,72.27,28.500,37.83,,,
26,04/27/2023 08:22:43,72.30,29.050,38.34,,,
27,04/27/2023 08:23:43,72.39,28.700,38.11,,,
28,04/27/2023 08:24:43,72.48,28.640,38.14,,,
29,04/27/2023 08:25:43,72.61,29.040,38.60,,,
30,04/27/2023 08:26:43,72.64,28.450,38.11,,,
31,04/27/2023 08:27:43,72.79,29.400,39.07,,,
32,04/27/2023 08:28:43,72.82,28.450,38.26,,,
33,04/27/2023 08:29:43,72.91,28.270,38.18,,,
34,04/27/2023 08:30:43,72.91,28.270,38.18,,,
35,04/27/2023 08:31:43,73.00,28.490,38.45,,,
36,04/27/2023 08:32:43,73.08,28.390,38.43,,,
37,04/27/2023 08:33:43,73.13,28.160,38.27,,,
38,04/27/2023 08:34:43,73.17,28.550,38.65,,,
39,04/27/2023 08:35:43,73.22,29.020,39.11,,,
40,04/27/2023 08:36:43,73.22,28.430,38.59,,,
41,04/27/2023 08:37:43,73.26,28.730,38.88,,,
42,04/27/2023 08:38:43,73.29,28.450,38.67,,,
43,04/27/2023 08:39:43,73.29,28.340,38.57,,,
44,04/27/2023 08:40:43,73.35,28.850,39.07,,,
45,04/27/2023 08:41:43,73.38,28.380,38.68,,,
46,04/27/2023 08:42:43,73.38,29.020,39.25,,,
47,04/27/2023 08:43:43,73.44,28.820,39.12,,,
48,04/27/2023 08:44:43,73.44,29.400,39.63,,,
49,04/27/2023 08:45:43,73.47,28.290,38.68,,,
50,04/27/2023 08:46:43,73.51,28.270,38.68,,,
51,04/27/2023 08:47:43,73.51,28.700,39.07,,,
52,04/27/2023 08:48:43,73.51,29.190,39.51,,,
53,04/27/2023 08:49:43,73.51,28.470,38.87,,,
54,04/27/2023 08:50:43,73.51,28.120,38.56,,,
55,04/27/2023 08:51:43,73.51,28.390,38.80,,,
56,04/27/2023 08:52:43,73.51,29.190,39.51,,,
57,04/27/2023 08:53:43,73.56,29.880,40.16,,,
58,04/27/2023 08:54:43,73.56,28.340,38.80,,,
59,04/27/2023 08:55:43,73.51,28.150,38.58,,,
60,04/27/2023 08:56:43,73.56,28.150,38.63,,,
61,04/27/2023 08:57:43,73.56,28.060,38.55,,,
62,04/27/2023 08:58:43,73.60,28.020,38.54,,,
63,04/27/2023 08:59:43,73.65,28.770,39.26,,,
64,04/27/2023 09:00:43,73.65,28.990,39.46,,,
65,04/27/2023 09:01:43,73.69,28.340,38.91,,,
66,04/27/2023 09:02:43,73.69,28.230,38.81,,,
67,04/27/2023 09:03:43,73.69,28.170,38.75,,,
68,04/27/2023 09:04:43,73.72,28.080,38.70,,,
69,04/27/2023 09:05:43,73.72,27.950,38.58,,,
70,04/27/2023 09:06:43,73.69,28.300,38.87,,,
71,04/27/2023 09:07:43,73.65,28.020,38.59,,,
72,04/27/2023 09:08:43,73.60,27.980,38.50,,,
73,04/27/2023 09:09:43,73.56,27.980,38.47,,,
74,04/27/2023 09:10:43,73.51,28.020,38.46,,,
75,04/27/2023 09:11:43,73.51,28.050,38.48,,,
76,04/27/2023 09:12:43,73.47,28.050,38.45,,,
77,04/27/2023 09:13:43,73.44,28.080,38.45,,,
78,04/27/2023 09:14:43,73.38,28.110,38.43,,,
79,04/27/2023 09:15:43,73.38,28.160,38.48,,,
80,04/27/2023 09:16:43,73.38,28.140,38.47,,,
81,04/27/2023 09:17:43,73.35,28.190,38.47,,,
82,04/27/2023 09:18:43,73.35,28.220,38.51,,,
83,04/27/2023 09:19:43,73.35,28.220,38.51,,,
84,04/27/2023 09:20:43,73.29,28.270,38.50,,,
85,04/27/2023 09:21:43,73.29,28.280,38.52,,,
86,04/27/2023 09:22:43,73.29,28.300,38.53,,,
87,04/27/2023 09:23:43,73.29,28.310,38.54,,,
88,04/27/2023 09:24:43,73.29,28.310,38.54,,,
89,04/27/2023 09:25:43,73.26,28.340,38.54,,,
90,04/27/2023 09:26:43,73.26,28.380,38.57,,,
91,04/27/2023 09:27:43,73.26,28.360,38.56,,,
92,04/27/2023 09:28:43,73.22,28.380,38.54,,,
93,04/27/2023 09:29:43,73.17,28.390,38.51,,,
94,04/27/2023 09:30:43,73.17,28.420,38.53,,,
95,04/27/2023 09:31:43,73.17,28.450,38.56,,,
96,04/27/2023 09:32:43,73.17,28.490,38.59,,,
97,04/27/2023 09:33:43,73.17,28.530,38.63,,,
98,04/27/2023 09:34:43,73.17,28.510,38.61,,,
99,04/27/2023 09:35:43,73.17,28.530,38.63,,,
100,04/27/2023 09:36:43,73.17,28.550,38.64,,,
101,04/27/2023 09:37:43,73.17,28.550,38.64,,,
102,04/27/2023 09:38:43,73.17,28.550,38.65,,,
103,04/27/2023 09:39:43,73.13,28.590,38.65,,,
104,04/27/2023 09:40:43,73.13,28.630,38.68,,,
105,04/27/2023 09:41:43,73.08,28.670,38.67,,,
106,04/27/2023 09:42:43,73.08,28.690,38.69,,,
107,04/27/2023 09:43:43,73.13,28.690,38.74,,,
108,04/27/2023 09:44:43,73.13,28.720,38.76,,,
109,04/27/2023 09:45:43,73.13,28.690,38.74,,,
110,04/27/2023 09:46:43,73.13,28.700,38.75,,,
111,04/27/2023 09:47:43,73.13,28.690,38.74,,,
112,04/27/2023 09:48:43,73.13,28.690,38.74,,,
113,04/27/2023 09:49:43,73.13,28.700,38.75,,,
114,04/27/2023 09:50:43,73.13,28.720,38.76,,,
115,04/27/2023 09:51:43,73.13,28.730,38.78,,,
116,04/27/2023 09:52:43,73.13,28.750,38.80,,,
117,04/27/2023 09:53:43,73.08,28.740,38.73,,,
118,04/27/2023 09:54:43,73.08,28.800,38.79,,,
119,04/27/2023 09:55:43,73.08,28.790,38.78,,,
120,04/27/2023 09:56:43,73.08,28.800,38.79,,,
121,04/27/2023 09:57:43,73.08,28.830,38.82,,,
122,04/27/2023 09:58:43,73.04,28.830,38.79,,,
123,04/27/2023 09:59:43,73.04,28.890,38.84,,,
124,04/27/2023 10:00:43,73.04,28.910,38.86,,,
125,04/27/2023 10:01:43,73.04,28.910,38.86,,,
126,04/27/2023 10:02:43,73.04,28.930,38.88,,,
127,04/27/2023 10:03:43,73.04,28.930,38.88,,,
128,04/27/2023 10:04:43,73.04,28.940,38.89,,,
129,04/27/2023 10:05:43,73.04,28.960,38.90,,,
130,04/27/2023 10:06:43,73.04,28.960,38.90,,,
131,04/27/2023 10:07:43,73.04,28.980,38.92,,,
132,04/27/2023 10:08:43,73.04,28.980,38.92,,,
133,04/27/2023 10:09:43,73.04,29.020,38.95,,,
134,04/27/2023 10:10:43,73.04,29.020,38.95,,,
135,04/27/2023 10:11:43,73.04,29.000,38.94,,,
136,04/27/2023 10:12:43,73.04,29.050,38.98,,,
137,04/27/2023 10:13:43,73.04,29.050,38.98,,,
138,04/27/2023 10:14:43,73.04,29.080,39.01,,,
139,04/27/2023 10:15:43,73.04,29.100,39.02,,,
140,04/27/2023 10:16:43,73.04,29.080,39.01,,,
141,04/27/2023 10:17:43,73.04,29.100,39.02,,,
142,04/27/2023 10:18:43,73.04,29.100,39.02,,,
143,04/27/2023 10:19:43,73.04,29.130,39.05,,,
144,04/27/2023 10:20:43,73.04,29.140,39.06,,,
145,04/27/2023 10:21:43,73.04,29.160,39.08,,,
146,04/27/2023 10:22:43,73.04,29.160,39.08,,,
147,04/27/2023 10:23:43,73.04,29.180,39.10,,,
148,04/27/2023 10:24:43,73.08,29.220,39.17,,,
149,04/27/2023 10:25:43,73.08,29.170,39.12,,,
150,04/27/2023 10:26:43,73.08,29.190,39.13,,,
151,04/27/2023 10:27:43,73.08,29.190,39.13,,,
152,04/27/2023 10:28:43,73.08,29.210,39.15,,,
153,04/27/2023 10:29:43,73.08,29.220,39.17,,,
154,04/27/2023 10:30:43,73.08,29.240,39.18,,,
155,04/27/2023 10:31:43,73.08,29.260,39.20,,,
156,04/27/2023 10:32:43,73.08,29.270,39.20,,,
157,04/27/2023 10:33:43,73.04,29.310,39.21,,,
158,04/27/2023 10:34:43,73.08,29.340,39.27,,,
159,04/27/2023 10:35:43,73.08,29.340,39.27,,,
160,04/27/2023 10:36:43,73.04,29.340,39.24,,,
161,04/27/2023 10:37:43,73.04,29.350,39.25,,,
162,04/27/2023 10:38:43,73.04,29.380,39.27,,,
163,04/27/2023 10:39:43,73.00,29.400,39.26,,,
164,04/27/2023 10:40:43,73.00,29.440,39.29,,,
165,04/27/2023 10:41:43,73.00,29.440,39.30,,,
166,04/27/2023 10:42:43,73.00,29.470,39.32,,,
167,04/27/2023 10:43:43,73.00,29.490,39.34,,,
168,04/27/2023 10:44:43,72.95,29.510,39.31,,,
169,04/27/2023 10:45:43,73.00,30.080,39.85,,,
170,04/27/2023 10:46:43,73.00,29.640,39.47,,,
171,04/27/2023 10:47:43,73.04,29.800,39.63,,,
172,04/27/2023 10:48:43,73.13,29.930,39.82,,,
173,04/27/2023 10:49:43,73.13,29.610,39.55,,,
174,04/27/2023 10:50:43,73.17,29.630,39.60,,,
175,04/27/2023 10:51:43,73.22,29.900,39.88,,,
176,04/27/2023 10:52:43,73.26,29.610,39.66,,,
177,04/27/2023 10:53:43,73.29,29.570,39.66,,,
178,04/27/2023 10:54:43,73.35,29.570,39.70,,,
179,04/27/2023 10:55:43,73.35,29.720,39.83,,,
180,04/27/2023 10:56:43,73.35,29.610,39.74,,,
181,04/27/2023 10:57:43,73.38,29.580,39.74,,,
182,04/27/2023 10:58:43,73.38,29.600,39.75,,,
183,04/27/2023 10:59:43,73.35,29.640,39.77,,,
184,04/27/2023 11:00:43,73.35,29.660,39.78,,,
185,04/27/2023 11:01:43,73.35,29.600,39.72,,,
186,04/27/2023 11:02:43,73.35,29.630,39.75,,,
187,04/27/2023 11:03:43,73.35,29.680,39.80,,,
188,04/27/2023 11:04:43,73.29,29.730,39.79,,,
189,04/27/2023 11:05:43,73.26,29.690,39.72,,,
190,04/27/2023 11:06:43,73.22,29.720,39.73,,,
191,04/27/2023 11:07:43,73.22,29.750,39.75,,,
192,04/27/2023 11:08:43,73.22,29.790,39.78,,,
193,04/27/2023 11:09:43,73.22,29.790,39.78,,,
194,04/27/2023 11:10:43,73.17,29.800,39.74,,,
195,04/27/2023 11:11:43,73.17,29.800,39.74,,,
196,04/27/2023 11:12:43,73.22,29.820,39.80,,,
197,04/27/2023 11:13:43,73.22,29.880,39.86,,,
198,04/27/2023 11:14:43,73.22,29.840,39.83,,,
199,04/27/2023 11:15:43,73.22,29.810,39.80,,,
200,04/27/2023 11:16:43,73.22,29.880,39.86,,,
201,04/27/2023 11:17:43,73.22,29.930,39.90,,,
202,04/27/2023 11:18:43,73.22,29.970,39.94,,,
203,04/27/2023 11:19:43,73.22,29.880,39.86,,,
204,04/27/2023 11:20:43,73.22,29.880,39.86,,,
205,04/27/2023 11:21:43,73.22,29.910,39.89,,,
206,04/27/2023 11:22:43,73.22,29.880,39.86,,,
207,04/27/2023 11:23:43,73.22,29.880,39.86,,,
208,04/27/2023 11:24:43,73.22,29.870,39.85,,,
209,04/27/2023 11:25:43,73.26,29.880,39.89,,,
210,04/27/2023 11:26:43,73.22,29.900,39.87,,,
211,04/27/2023 11:27:43,73.22,29.970,39.94,,,
212,04/27/2023 11:28:43,73.22,29.960,39.92,,,
213,04/27/2023 11:29:43,73.22,30.010,39.97,,,
214,04/27/2023 11:30:43,73.26,30.040,40.03,,,
215,04/27/2023 11:31:43,73.26,29.970,39.97,,,
216,04/27/2023 11:32:43,73.29,29.990,40.02,,,
217,04/27/2023 11:33:43,73.29,30.010,40.03,,,
218,04/27/2023 11:34:43,73.29,30.000,40.02,,,
219,04/27/2023 11:35:43,73.29,29.970,40.00,,,
220,04/27/2023 11:36:43,73.29,29.970,40.00,,,
221,04/27/2023 11:37:43,73.35,30.040,40.10,,,
222,04/27/2023 11:38:43,73.35,29.970,40.04,,,
223,04/27/2023 11:39:43,73.35,29.980,40.05,,,
224,04/27/2023 11:40:43,73.29,29.980,40.01,,,
225,04/27/2023 11:41:43,73.29,30.020,40.04,,,
226,04/27/2023 11:42:43,73.29,30.020,40.04,,,
227,04/27/2023 11:43:43,73.35,30.070,40.13,,,
228,04/27/2023 11:44:43,73.35,30.040,40.10,,,
229,04/27/2023 11:45:43,73.35,30.070,40.13,,,
230,04/27/2023 11:46:43,73.35,30.040,40.10,,,
231,04/27/2023 11:47:43,73.38,30.070,40.16,,,
232,04/27/2023 11:48:43,73.38,30.040,40.13,,,
233,04/27/2023 11:49:43,73.44,30.040,40.18,,,
234,04/27/2023 11:50:43,73.44,30.030,40.17,,,
235,04/27/2023 11:51:43,73.44,30.060,40.20,,,
236,04/27/2023 11:52:43,73.44,30.040,40.18,,,
237,04/27/2023 11:53:43,73.44,30.180,40.30,,,
238,04/27/2023 11:54:43,73.44,30.060,40.20,,,
239,04/27/2023 11:55:43,73.44,30.060,40.20,,,
240,04/27/2023 11:56:43,73.44,30.100,40.23,,,
241,04/27/2023 11:57:43,73.44,31.160,41.13,,,
242,04/27/2023 11:58:43,73.44,30.240,40.36,,,
243,04/27/2023 11:59:43,73.44,30.320,40.42,,,
244,04/27/2023 12:00:43,73.44,30.280,40.39,,,
245,04/27/2023 12:01:43,73.38,30.330,40.38,,,
246,04/27/2023 12:02:43,73.44,30.260,40.37,,,
247,04/27/2023 12:03:43,73.44,30.230,40.35,,,
248,04/27/2023 12:04:43,73.44,30.280,40.39,,,
249,04/27/2023 12:05:43,73.44,30.530,40.60,,,
250,04/27/2023 12:06:43,73.47,30.330,40.46,,,
251,04/27/2023 12:07:43,73.47,30.320,40.45,,,
252,04/27/2023 12:08:43,73.51,30.290,40.46,,,
253,04/27/2023 12:09:43,73.51,30.300,40.47,,,
254,04/27/2023 12:10:43,73.56,30.290,40.50,,,
255,04/27/2023 12:11:43,73.56,30.270,40.49,,,
256,04/27/2023 12:12:43,73.56,30.260,40.48,,,
257,04/27/2023 12:13:43,73.60,30.330,40.57,,,
258,04/27/2023 12:14:43,73.56,30.550,40.72,,,
259,04/27/2023 12:15:43,73.51,30.480,40.62,,,
260,04/27/2023 12:16:43,73.47,30.430,40.54,,,
261,04/27/2023 12:17:43,73.47,30.380,40.51,,,
262,04/27/2023 12:18:43,73.47,30.420,40.54,,,
263,04/27/2023 12:19:43,73.44,30.510,40.58,,,
264,04/27/2023 12:20:43,73.38,30.510,40.53,,,
265,04/27/2023 12:21:43,73.38,30.510,40.53,,,
266,04/27/2023 12:22:43,73.35,30.510,40.50,,,
267,04/27/2023 12:23:43,73.38,30.540,40.56,,,
268,04/27/2023 12:24:43,73.35,30.580,40.56,,,
269,04/27/2023 12:25:43,73.38,30.590,40.60,,,
270,04/27/2023 12:26:43,73.35,30.680,40.65,,,
271,04/27/2023 12:27:43,73.29,30.660,40.59,,,
272,04/27/2023 12:28:43,73.29,30.680,40.60,,,
273,04/27/2023 12:29:43,73.26,30.690,40.58,,,
274,04/27/2023 12:30:43,73.26,30.730,40.61,,,
275,04/27/2023 12:31:43,73.22,30.760,40.60,,,
276,04/27/2023 12:32:43,73.17,30.770,40.57,,,
277,04/27/2023 12:33:43,73.17,30.780,40.58,,,
278,04/27/2023 12:34:43,73.17,30.810,40.60,,,
279,04/27/2023 12:35:43,73.13,30.850,40.60,,,
280,04/27/2023 12:36:43,73.13,30.930,40.67,,,
281,04/27/2023 12:37:43,73.13,30.980,40.71,,,
282,04/27/2023 12:38:43,73.13,31.040,40.76,,,
283,04/27/2023 12:39:43,73.17,31.260,40.97,,,
284,04/27/2023 12:40:43,73.22,31.150,40.93,,,
285,04/27/2023 12:41:43,73.26,31.110,40.93,,,
286,04/27/2023 12:42:43,73.29,31.300,41.12,,,
287,04/27/2023 12:43:43,73.29,31.220,41.05,,,
288,04/27/2023 12:44:43,73.35,31.240,41.11,,,
289,04/27/2023 12:45:43,73.35,31.070,40.98,,,
290,04/27/2023 12:46:43,73.35,30.980,40.90,,,
291,04/27/2023 12:47:43,73.35,30.970,40.89,,,
292,04/27/2023 12:48:43,73.38,31.060,41.00,,,
293,04/27/2023 12:49:43,73.38,31.030,40.97,,,
294,04/27/2023 12:50:43,73.44,31.080,41.06,,,
295,04/27/2023 12:51:43,73.44,31.000,40.99,,,
296,04/27/2023 12:52:43,73.44,31.100,41.08,,,
297,04/27/2023 12:53:43,73.47,31.170,41.17,,,
298,04/27/2023 12:54:43,73.47,31.090,41.10,,,
299,04/27/2023 12:55:43,73.47,31.050,41.07,,,
300,04/27/2023 12:56:43,73.47,31.090,41.10,,,
301,04/27/2023 12:57:43,73.44,31.100,41.08,,,
302,04/27/2023 12:58:43,73.47,31.090,41.10,,,
303,04/27/2023 12:59:43,73.47,31.100,41.11,,,
304,04/27/2023 13:00:43,73.47,31.120,41.12,,,
305,04/27/2023 13:01:43,73.51,31.280,41.29,,,
306,04/27/2023 13:02:43,73.56,31.260,41.32,,,
307,04/27/2023 13:03:43,73.60,31.380,41.45,,,
308,04/27/2023 13:04:43,73.65,31.290,41.42,,,
309,04/27/2023 13:05:43,73.69,31.320,41.48,,,
310,04/27/2023 13:06:43,73.69,31.230,41.40,,,
311,04/27/2023 13:07:43,73.72,31.230,41.43,,,
312,04/27/2023 13:08:43,73.72,31.230,41.43,,,
313,04/27/2023 13:09:43,73.72,31.260,41.46,,,
314,04/27/2023 13:10:43,73.72,31.230,41.43,,,
315,04/27/2023 13:11:43,73.78,31.180,41.44,,,
316,04/27/2023 13:12:43,73.78,31.080,41.36,,,
317,04/27/2023 13:13:43,73.78,31.130,41.40,,,
318,04/27/2023 13:14:43,73.78,31.160,41.42,,,
319,04/27/2023 13:15:43,73.72,31.160,41.38,,,
320,04/27/2023 13:16:43,73.72,31.140,41.36,,,
321,04/27/2023 13:17:43,73.69,31.230,41.40,,,
322,04/27/2023 13:18:43,73.69,31.200,41.38,,,
323,04/27/2023 13:19:43,73.69,31.350,41.50,,,
324,04/27/2023 13:20:43,73.72,31.260,41.46,,,
325,04/27/2023 13:21:43,73.72,31.380,41.56,,,
326,04/27/2023 13:22:43,73.78,31.350,41.58,,,
327,04/27/2023 13:23:43,73.78,31.240,41.49,,,
328,04/27/2023 13:24:43,73.78,31.300,41.54,,,
329,04/27/2023 13:25:43,73.78,31.220,41.47,,,
330,04/27/2023 13:26:43,73.69,31.140,41.33,,,
331,04/27/2023 13:27:43,73.69,31.230,41.40,,,
332,04/27/2023 13:28:43,73.65,31.280,41.41,,,
333,04/27/2023 13:29:43,73.69,31.320,41.48,,,
334,04/27/2023 13:30:43,73.60,31.280,41.37,,,
335,04/27/2023 13:31:43,73.56,31.290,41.34,,,
336,04/27/2023 13:32:43,73.51,31.380,41.37,,,
337,04/27/2023 13:33:43,73.47,31.430,41.38,,,
338,04/27/2023 13:34:43,73.44,31.430,41.35,,,
339,04/27/2023 13:35:43,73.38,31.460,41.33,,,
340,04/27/2023 13:36:43,73.35,31.520,41.35,,,
341,04/27/2023 13:37:43,73.35,31.520,41.35,,,
342,04/27/2023 13:38:43,73.29,31.570,41.34,,,
343,04/27/2023 13:39:43,73.29,31.570,41.34,,,
344,04/27/2023 13:40:43,73.26,31.600,41.34,,,
345,04/27/2023 13:41:43,73.26,31.610,41.34,,,
346,04/27/2023 13:42:43,73.22,31.650,41.34,,,
347,04/27/2023 13:43:43,73.17,31.690,41.33,,,
348,04/27/2023 13:44:43,73.13,31.710,41.31,,,
349,04/27/2023 13:45:43,73.08,31.740,41.30,,,
350,04/27/2023 13:46:43,73.04,31.770,41.29,,,
351,04/27/2023 13:47:43,73.00,31.820,41.30,,,
352,04/27/2023 13:48:43,72.95,31.850,41.27,,,
353,04/27/2023 13:49:43,72.91,31.880,41.26,,,
354,04/27/2023 13:50:43,72.91,31.920,41.29,,,
355,04/27/2023 13:51:43,72.86,31.940,41.27,,,
356,04/27/2023 13:52:43,72.86,32.010,41.32,,,
357,04/27/2023 13:53:43,72.82,32.030,41.30,,,
358,04/27/2023 13:54:43,72.82,32.070,41.34,,,
359,04/27/2023 13:55:43,72.79,32.120,41.35,,,
360,04/27/2023 13:56:43,72.79,32.200,41.41,,,
361,04/27/2023 13:57:43,72.73,32.280,41.43,,,
362,04/27/2023 13:58:43,72.73,32.260,41.41,,,
363,04/27/2023 13:59:43,72.73,32.260,41.41,,,
364,04/27/2023 14:00:43,72.70,32.300,41.41,,,
365,04/27/2023 14:01:43,72.70,32.320,41.43,,,
366,04/27/2023 14:02:43,72.64,32.320,41.38,,,
367,04/27/2023 14:03:43,72.61,32.330,41.36,,,
368,04/27/2023 14:04:43,72.61,32.390,41.40,,,
369,04/27/2023 14:05:43,72.57,32.400,41.39,,,
370,04/27/2023 14:06:43,72.52,32.400,41.34,,,
371,04/27/2023 14:07:43,72.48,32.430,41.33,,,
372,04/27/2023 14:08:43,72.45,32.440,41.31,,,
373,04/27/2023 14:09:43,72.39,32.530,41.33,,,
374,04/27/2023 14:10:43,72.39,32.560,41.36,,,
375,04/27/2023 14:11:43,72.39,32.590,41.38,,,
376,04/27/2023 14:12:43,72.36,32.640,41.38,,,
377,04/27/2023 14:13:43,72.36,32.620,41.37,,,
378,04/27/2023 14:14:43,72.36,32.680,41.42,,,
379,04/27/2023 14:15:43,72.36,32.700,41.44,,,
380,04/27/2023 14:16:43,72.36,32.750,41.48,,,
381,04/27/2023 14:17:43,72.30,32.790,41.46,,,
382,04/27/2023 14:18:43,72.30,32.810,41.47,,,
383,04/27/2023 14:19:43,72.30,32.830,41.49,,,
384,04/27/2023 14:20:43,72.27,32.790,41.43,,,
385,04/27/2023 14:21:43,72.23,32.830,41.43,,,
386,04/27/2023 14:22:43,72.23,32.850,41.44,,,
387,04/27/2023 14:23:43,72.23,32.860,41.45,,,
388,04/27/2023 14:24:43,72.23,32.910,41.49,,,
389,04/27/2023 14:25:43,72.18,32.920,41.45,,,
390,04/27/2023 14:26:43,72.14,32.980,41.46,,,
391,04/27/2023 14:27:43,72.09,33.030,41.46,,,
392,04/27/2023 14:28:43,72.05,33.080,41.47,,,
393,04/27/2023 14:29:43,72.01,33.110,41.46,,,
394,04/27/2023 14:30:43,72.01,33.140,41.48,,,
395,04/27/2023 14:31:43,71.96,33.170,41.46,,,
396,04/27/2023 14:32:43,71.96,33.220,41.50,,,
397,04/27/2023 14:33:43,71.92,33.260,41.49,,,
398,04/27/2023 14:34:43,71.96,33.980,42.09,,,
399,04/27/2023 14:35:43,72.05,33.820,42.04,,,
400,04/27/2023 14:36:43,72.09,33.430,41.77,,,
401,04/27/2023 14:37:43,72.18,33.580,41.96,,,
402,04/27/2023 14:38:43,72.23,33.370,41.85,,,
403,04/27/2023 14:39:43,72.27,33.360,41.87,,,
404,04/27/2023 14:40:43,72.36,33.360,41.95,,,
405,04/27/2023 14:41:43,72.36,33.340,41.94,,,
406,04/27/2023 14:42:43,72.39,33.520,42.11,,,
407,04/27/2023 14:43:43,72.45,33.620,42.24,,,
408,04/27/2023 14:44:43,72.45,34.690,43.05,,,
409,04/27/2023 14:45:43,72.48,33.550,42.21,,,
410,04/27/2023 14:46:43,72.45,33.420,42.08,,,
411,04/27/2023 14:47:43,72.48,34.000,42.55,,,
412,04/27/2023 14:48:43,72.48,34.000,42.56,,,
413,04/27/2023 14:49:43,72.48,33.560,42.22,,,
414,04/27/2023 14:50:43,72.39,33.540,42.13,,,
415,04/27/2023 14:51:43,72.39,33.500,42.09,,,
416,04/27/2023 14:52:43,72.36,33.560,42.11,,,
417,04/27/2023 14:53:43,72.39,33.850,42.36,,,
418,04/27/2023 14:54:43,72.39,33.830,42.35,,,
419,04/27/2023 14:55:43,72.45,34.310,42.76,,,
420,04/27/2023 14:56:43,72.45,33.630,42.24,,,
421,04/27/2023 14:57:43,72.48,33.580,42.23,,,
422,04/27/2023 14:58:43,72.48,33.610,42.26,,,
423,04/27/2023 14:59:43,72.52,33.570,42.26,,,
424,04/27/2023 15:00:43,72.52,33.690,42.35,,,
425,04/27/2023 15:01:43,72.52,33.620,42.30,,,
426,04/27/2023 15:02:43,72.52,33.430,42.15,,,
427,04/27/2023 15:03:43,72.52,33.470,42.18,,,
428,04/27/2023 15:04:43,72.52,33.400,42.12,,,
429,04/27/2023 15:05:43,72.52,33.340,42.08,,,
430,04/27/2023 15:06:43,72.52,33.320,42.06,,,
431,04/27/2023 15:07:43,72.52,33.290,42.04,,,
432,04/27/2023 15:08:43,72.52,33.370,42.10,,,
433,04/27/2023 15:09:43,72.57,33.490,42.24,,,
434,04/27/2023 15:10:43,72.57,33.390,42.16,,,
435,04/27/2023 15:11:43,72.52,33.440,42.16,,,
436,04/27/2023 15:12:43,72.52,33.440,42.16,,,
437,04/27/2023 15:13:43,72.48,33.400,42.09,,,
438,04/27/2023 15:14:43,72.45,33.420,42.08,,,
439,04/27/2023 15:15:43,72.45,33.460,42.11,,,
440,04/27/2023 15:16:43,72.39,33.510,42.10,,,
441,04/27/2023 15:17:43,72.39,33.540,42.13,,,
442,04/27/2023 15:18:43,72.36,33.590,42.13,,,
443,04/27/2023 15:19:43,72.36,33.590,42.13,,,
444,04/27/2023 15:20:43,72.36,33.610,42.14,,,
445,04/27/2023 15:21:43,72.30,33.640,42.12,,,
446,04/27/2023 15:22:43,72.30,33.640,42.12,,,
447,04/27/2023 15:23:43,72.36,33.650,42.18,,,
448,04/27/2023 15:24:43,72.36,33.670,42.19,,,
449,04/27/2023 15:25:43,72.36,33.620,42.16,,,
450,04/27/2023 15:26:43,72.30,33.620,42.11,,,
451,04/27/2023 15:27:43,72.30,33.620,42.11,,,
452,04/27/2023 15:28:43,72.30,33.650,42.13,,,
453,04/27/2023 15:29:43,72.27,33.680,42.12,,,
454,04/27/2023 15:30:43,72.27,33.710,42.14,,,
455,04/27/2023 15:31:43,72.27,33.710,42.14,,,
456,04/27/2023 15:32:43,72.27,33.750,42.17,,,
457,04/27/2023 15:33:43,72.27,33.800,42.21,,,
458,04/27/2023 15:34:43,72.27,33.810,42.22,,,
459,04/27/2023 15:35:43,72.27,33.880,42.28,,,
460,04/27/2023 15:36:43,72.27,33.880,42.28,,,
461,04/27/2023 15:37:43,72.27,33.880,42.28,,,
462,04/27/2023 15:38:43,72.23,33.890,42.25,,,
463,04/27/2023 15:39:43,72.23,33.890,42.25,,,
464,04/27/2023 15:40:43,72.23,33.910,42.27,,,
465,04/27/2023 15:41:43,72.23,33.910,42.27,,,
466,04/27/2023 15:42:43,72.23,33.920,42.28,,,
467,04/27/2023 15:43:43,72.18,33.960,42.26,,,
468,04/27/2023 15:44:43,72.18,33.980,42.27,,,
469,04/27/2023 15:45:43,72.18,34.010,42.30,,,
470,04/27/2023 15:46:43,72.18,34.060,42.33,,,
471,04/27/2023 15:47:43,72.18,34.070,42.34,,,
472,04/27/2023 15:48:43,72.18,34.140,42.40,,,
473,04/27/2023 15:49:43,72.18,34.140,42.39,,,
474,04/27/2023 15:50:43,72.18,34.160,42.41,,,
475,04/27/2023 15:51:43,72.18,34.160,42.41,,,
476,04/27/2023 15:52:43,72.23,34.160,42.46,,,
477,04/27/2023 15:53:43,72.23,34.220,42.50,,,
478,04/27/2023 15:54:43,72.23,34.260,42.53,,,
479,04/27/2023 15:55:43,72.23,34.220,42.50,,,
480,04/27/2023 15:56:43,72.23,34.240,42.52,,,
481,04/27/2023 15:57:43,72.23,34.240,42.52,,,
482,04/27/2023 15:58:43,72.27,34.240,42.55,,,
483,04/27/2023 15:59:43,72.23,34.240,42.52,,,
484,04/27/2023 16:00:43,72.23,34.260,42.53,,,
485,04/27/2023 16:01:43,72.23,34.250,42.52,,,
486,04/27/2023 16:02:43,72.23,34.280,42.55,,,
487,04/27/2023 16:03:43,72.23,34.330,42.59,,,
488,04/27/2023 16:04:43,72.23,34.390,42.63,,,
489,04/27/2023 16:05:43,72.23,34.390,42.63,,,
490,04/27/2023 16:06:43,72.23,34.430,42.66,,,
491,04/27/2023 16:07:43,72.23,34.450,42.68,,,
492,04/27/2023 16:08:43,72.23,34.430,42.66,,,
493,04/27/2023 16:09:43,72.23,34.460,42.69,,,
494,04/27/2023 16:10:43,72.23,34.480,42.70,,,
495,04/27/2023 16:11:43,72.23,34.570,42.77,,,
496,04/27/2023 16:12:43,72.23,34.590,42.78,,,
497,04/27/2023 16:13:43,72.23,34.630,42.81,,,
498,04/27/2023 16:14:43,72.23,34.630,42.81,,,
499,04/27/2023 16:15:43,72.23,34.780,42.92,,,
500,04/27/2023 16:16:43,72.23,34.870,42.99,,,
501,04/27/2023 16:17:43,72.23,34.870,42.99,,,
502,04/27/2023 16:18:43,72.23,34.810,42.95,,,
503,04/27/2023 16:19:43,72.23,34.780,42.92,,,
504,04/27/2023 16:20:43,72.23,34.800,42.94,,,
505,04/27/2023 16:21:43,72.23,34.800,42.94,,,
506,04/27/2023 16:22:43,72.23,34.830,42.97,,,
507,04/27/2023 16:23:43,72.23,34.870,42.99,,,
508,04/27/2023 16:24:43,72.23,34.880,43.00,,,
509,04/27/2023 16:25:43,72.23,34.920,43.03,,,
510,04/27/2023 16:26:43,72.23,34.960,43.06,,,
511,04/27/2023 16:27:43,72.18,34.980,43.03,,,
512,04/27/2023 16:28:43,72.18,35.060,43.09,,,
513,04/27/2023 16:29:43,72.18,35.100,43.12,,,
514,04/27/2023 16:30:43,72.18,35.130,43.14,,,
515,04/27/2023 16:31:43,72.18,35.250,43.23,,,
516,04/27/2023 16:32:43,72.18,35.280,43.25,,,
517,04/27/2023 16:33:43,72.14,35.320,43.25,,,
518,04/27/2023 16:34:43,72.14,35.350,43.27,,,
519,04/27/2023 16:35:43,72.14,35.350,43.27,,,
520,04/27/2023 16:36:43,72.14,35.360,43.28,,,
521,04/27/2023 16:37:43,72.09,35.360,43.23,,,
522,04/27/2023 16:38:43,72.09,35.430,43.28,,,
523,04/27/2023 16:39:43,72.09,35.550,43.37,,,
524,04/27/2023 16:40:43,72.09,35.600,43.40,,,
525,04/27/2023 16:41:43,72.05,35.610,43.38,,,
526,04/27/2023 16:42:43,72.05,35.700,43.45,,,
527,04/27/2023 16:43:43,72.01,35.820,43.50,,,
528,04/27/2023 16:44:43,72.01,35.920,43.58,,,
529,04/27/2023 16:45:43,71.96,36.050,43.62,,,
530,04/27/2023 16:46:43,71.92,36.060,43.60,,,
531,04/27/2023 16:47:43,71.92,36.060,43.60,,,
532,04/27/2023 16:48:43,71.92,36.190,43.70,,,
533,04/27/2023 16:49:43,71.92,36.270,43.75,,,
534,04/27/2023 16:50:43,71.87,36.450,43.83,,,
535,04/27/2023 16:51:43,71.87,36.470,43.85,,,
536,04/27/2023 16:52:43,71.87,36.600,43.94,,,
537,04/27/2023 16:53:43,71.87,36.650,43.97,,,
538,04/27/2023 16:54:43,71.87,36.680,44.00,,,
539,04/27/2023 16:55:43,71.83,36.520,43.85,,,
540,04/27/2023 16:56:43,71.83,36.440,43.79,,,
541,04/27/2023 16:57:43,71.83,36.720,43.99,,,
542,04/27/2023 16:58:43,71.83,36.900,44.12,,,
543,04/27/2023 16:59:43,71.83,36.840,44.08,,,
544,04/27/2023 17:00:43,71.80,36.980,44.14,,,
545,04/27/2023 17:01:43,71.80,37.050,44.19,,,
546,04/27/2023 17:02:43,71.74,37.080,44.17,,,
547,04/27/2023 17:03:43,71.71,37.070,44.13,,,
548,04/27/2023 17:04:43,71.71,37.070,44.13,,,
549,04/27/2023 17:05:43,71.71,37.130,44.17,,,
550,04/27/2023 17:06:43,71.65,37.140,44.13,,,
551,04/27/2023 17:07:43,71.65,37.190,44.17,,,
552,04/27/2023 17:08:43,71.65,37.240,44.21,,,
553,04/27/2023 17:09:43,71.65,37.380,44.30,,,
554,04/27/2023 17:10:43,71.62,37.380,44.27,,,
555,04/27/2023 17:11:43,71.62,37.490,44.34,,,
556,04/27/2023 17:12:43,71.62,37.700,44.49,,,
557,04/27/2023 17:13:43,71.62,37.790,44.56,,,
558,04/27/2023 17:14:43,71.62,37.700,44.49,,,
559,04/27/2023 17:15:43,71.58,37.560,44.36,,,
560,04/27/2023 17:16:43,71.58,37.920,44.61,,,
561,04/27/2023 17:17:43,71.58,38.120,44.75,,,
562,04/27/2023 17:18:43,71.58,38.320,44.89,,,
563,04/27/2023 17:19:43,71.58,38.610,45.09,,,
564,04/27/2023 17:20:43,71.53,38.640,45.06,,,
565,04/27/2023 17:21:43,71.53,38.710,45.11,,,
566,04/27/2023 17:22:43,71.49,38.740,45.09,,,
567,04/27/2023 17:23:43,71.49,38.870,45.19,,,
568,04/27/2023 17:24:43,71.44,38.960,45.20,,,
569,04/27/2023 17:25:43,71.44,39.130,45.31,,,
570,04/27/2023 17:26:43,71.44,39.280,45.41,,,
571,04/27/2023 17:27:43,71.44,39.280,45.41,,,
572,04/27/2023 17:28:43,71.40,39.450,45.50,,,
573,04/27/2023 17:29:43,71.44,39.450,45.53,,,
574,04/27/2023 17:30:43,71.40,39.390,45.45,,,
575,04/27/2023 17:31:43,71.40,39.510,45.54,,,
576,04/27/2023 17:32:43,71.40,39.560,45.57,,,
577,04/27/2023 17:33:43,71.40,39.620,45.61,,,
578,04/27/2023 17:34:43,71.40,39.690,45.65,,,
579,04/27/2023 17:35:43,71.37,39.720,45.64,,,
580,04/27/2023 17:36:43,71.37,39.900,45.76,,,
581,04/27/2023 17:37:43,71.37,39.990,45.82,,,
582,04/27/2023 17:38:43,71.37,39.950,45.80,,,
583,04/27/2023 17:39:43,71.37,39.920,45.78,,,
584,04/27/2023 17:40:43,71.37,39.890,45.75,,,
585,04/27/2023 17:41:43,71.37,39.870,45.74,,,
586,04/27/2023 17:42:43,71.37,39.920,45.78,,,
587,04/27/2023 17:43:43,71.37,40.010,45.83,,,
588,04/27/2023 17:44:43,71.37,40.060,45.86,,,
589,04/27/2023 17:45:43,71.37,39.990,45.82,,,
590,04/27/2023 17:46:43,71.37,40.040,45.85,,,
591,04/27/2023 17:47:43,71.40,40.140,45.95,,,
592,04/27/2023 17:48:43,71.40,40.110,45.93,,,
593,04/27/2023 17:49:43,71.37,40.060,45.86,,,
594,04/27/2023 17:50:43,71.40,40.080,45.91,,,
595,04/27/2023 17:51:43,71.40,40.080,45.91,,,
596,04/27/2023 17:52:43,71.40,40.060,45.90,,,
597,04/27/2023 17:53:43,71.40,40.030,45.88,,,
598,04/27/2023 17:54:43,71.40,40.030,45.88,,,
599,04/27/2023 17:55:43,71.44,40.010,45.90,,,
600,04/27/2023 17:56:43,71.44,40.050,45.92,,,
601,04/27/2023 17:57:43,71.44,40.050,45.92,,,
602,04/27/2023 17:58:43,71.49,40.050,45.97,,,
603,04/27/2023 17:59:43,71.49,40.090,46.00,,,
604,04/27/2023 18:00:43,71.49,40.090,46.00,,,
605,04/27/2023 18:01:43,71.49,40.170,46.05,,,
606,04/27/2023 18:02:43,71.49,40.280,46.13,,,
607,04/27/2023 18:03:43,71.53,40.340,46.20,,,
608,04/27/2023 18:04:43,71.53,40.470,46.28,,,
609,04/27/2023 18:05:43,71.53,40.480,46.29,,,
610,04/27/2023 18:06:43,71.53,40.470,46.28,,,
611,04/27/2023 18:07:43,71.53,40.520,46.31,,,
612,04/27/2023 18:08:43,71.53,40.480,46.29,,,
613,04/27/2023 18:09:43,71.53,40.610,46.37,,,
614,04/27/2023 18:10:43,71.53,40.750,46.46,,,
615,04/27/2023 18:11:43,71.53,40.780,46.48,,,
616,04/27/2023 18:12:43,71.53,40.810,46.50,,,
617,04/27/2023 18:13:43,71.53,40.840,46.52,,,
618,04/27/2023 18:14:43,71.53,40.860,46.54,,,
619,04/27/2023 18:15:43,71.53,40.900,46.56,,,
620,04/27/2023 18:16:43,71.53,40.900,46.56,,,
621,04/27/2023 18:17:43,71.53,40.880,46.55,,,
622,04/27/2023 18:18:43,71.53,40.950,46.59,,,
623,04/27/2023 18:19:43,71.53,41.050,46.65,,,
624,04/27/2023 18:20:43,71.53,41.050,46.65,,,
625,04/27/2023 18:21:43,71.53,41.190,46.75,,,
626,04/27/2023 18:22:43,71.53,41.290,46.81,,,
627,04/27/2023 18:23:43,71.53,41.310,46.82,,,
628,04/27/2023 18:24:43,71.53,41.290,46.81,,,
629,04/27/2023 18:25:43,71.53,41.250,46.79,,,
630,04/27/2023 18:26:43,71.53,41.290,46.81,,,
631,04/27/2023 18:27:43,71.53,41.290,46.81,,,
632,04/27/2023 18:28:43,71.53,41.350,46.85,,,
633,04/27/2023 18:29:43,71.49,41.270,46.77,,,
634,04/27/2023 18:30:43,71.53,41.310,46.82,,,
635,04/27/2023 18:31:43,71.49,41.360,46.82,,,
636,04/27/2023 18:32:43,71.49,41.350,46.81,,,
637,04/27/2023 18:33:43,71.49,41.390,46.85,,,
638,04/27/2023 18:34:43,71.53,41.410,46.89,,,
639,04/27/2023 18:35:43,71.53,41.390,46.88,,,
640,04/27/2023 18:36:43,71.49,41.450,46.88,,,
641,04/27/2023 18:37:43,71.49,41.460,46.89,,,
642,04/27/2023 18:38:43,71.49,41.460,46.89,,,
643,04/27/2023 18:39:43,71.49,41.500,46.91,,,
644,04/27/2023 18:40:43,71.49,41.560,46.96,,,
645,04/27/2023 18:41:43,71.49,41.620,46.99,,,
646,04/27/2023 18:42:43,71.49,41.720,47.05,,,
647,04/27/2023 18:43:43,71.49,41.740,47.06,,,
648,04/27/2023 18:44:43,71.49,41.780,47.10,,,
649,04/27/2023 18:45:43,71.49,41.740,47.06,,,
650,04/27/2023 18:46:43,71.49,41.770,47.08,,,
651,04/27/2023 18:47:43,71.49,41.840,47.13,,,
652,04/27/2023 18:48:43,71.49,41.890,47.16,,,
653,04/27/2023 18:49:43,71.49,41.840,47.13,,,
654,04/27/2023 18:50:43,71.49,41.870,47.15,,,
655,04/27/2023 18:51:43,71.49,41.930,47.18,,,
656,04/27/2023 18:52:43,71.49,41.900,47.17,,,
657,04/27/2023 18:53:43,71.49,41.940,47.20,,,
658,04/27/2023 18:54:43,71.49,41.930,47.18,,,
659,04/27/2023 18:55:43,71.53,41.940,47.23,,,
660,04/27/2023 18:56:43,71.53,41.960,47.24,,,
661,04/27/2023 18:57:43,71.53,41.990,47.26,,,
662,04/27/2023 18:58:43,71.53,42.030,47.28,,,
663,04/27/2023 18:59:43,71.53,42.050,47.29,,,
664,04/27/2023 19:00:43,71.58,42.050,47.34,,,
665,04/27/2023 19:01:43,71.58,42.100,47.38,,,
666,04/27/2023 19:02:43,71.58,42.100,47.37,,,
667,04/27/2023 19:03:43,71.58,42.120,47.39,,,
668,04/27/2023 19:04:43,71.58,42.140,47.40,,,
669,04/27/2023 19:05:43,71.58,42.180,47.42,,,
670,04/27/2023 19:06:43,71.62,42.140,47.43,,,
671,04/27/2023 19:07:43,71.62,42.190,47.47,,,
672,04/27/2023 19:08:43,71.62,42.190,47.47,,,
673,04/27/2023 19:09:43,71.62,42.190,47.47,,,
674,04/27/2023 19:10:43,71.62,42.240,47.50,,,
675,04/27/2023 19:11:43,71.62,42.240,47.50,,,
676,04/27/2023 19:12:43,71.62,42.260,47.51,,,
677,04/27/2023 19:13:43,71.62,42.300,47.53,,,
678,04/27/2023 19:14:43,71.62,42.350,47.56,,,
679,04/27/2023 19:15:43,71.62,42.400,47.60,,,
680,04/27/2023 19:16:43,71.62,42.400,47.59,,,
681,04/27/2023 19:17:43,71.62,42.380,47.58,,,
682,04/27/2023 19:18:43,71.62,42.460,47.64,,,
683,04/27/2023 19:19:43,71.62,42.480,47.65,,,
684,04/27/2023 19:20:43,71.62,42.530,47.68,,,
685,04/27/2023 19:21:43,71.58,42.550,47.66,,,
686,04/27/2023 19:22:43,71.62,42.530,47.68,,,
687,04/27/2023 19:23:43,71.62,42.600,47.72,,,
688,04/27/2023 19:24:43,71.58,42.610,47.70,,,
689,04/27/2023 19:25:43,71.62,42.650,47.75,,,
690,04/27/2023 19:26:43,71.58,42.740,47.78,,,
691,04/27/2023 19:27:43,71.58,42.760,47.79,,,
692,04/27/2023 19:28:43,71.62,42.740,47.81,,,
693,04/27/2023 19:29:43,71.62,42.790,47.84,,,
694,04/27/2023 19:30:43,71.62,42.820,47.86,,,
695,04/27/2023 19:31:43,71.62,42.840,47.87,,,
696,04/27/2023 19:32:43,71.62,42.820,47.86,,,
697,04/27/2023 19:33:43,71.62,42.880,47.90,,,
698,04/27/2023 19:34:43,71.62,42.930,47.93,,,
699,04/27/2023 19:35:43,71.62,42.980,47.96,,,
700,04/27/2023 19:36:43,71.62,42.980,47.96,,,
701,04/27/2023 19:37:43,71.62,43.010,47.98,,,
702,04/27/2023 19:38:43,71.62,43.010,47.98,,,
703,04/27/2023 19:39:43,71.62,43.010,47.98,,,
704,04/27/2023 19:40:43,71.62,43.070,48.01,,,
705,04/27/2023 19:41:43,71.62,43.120,48.04,,,
706,04/27/2023 19:42:43,71.62,43.120,48.04,,,
707,04/27/2023 19:43:43,71.62,43.150,48.06,,,
708,04/27/2023 19:44:43,71.62,43.160,48.07,,,
709,04/27/2023 19:45:43,71.62,43.160,48.07,,,
710,04/27/2023 19:46:43,71.65,43.200,48.13,,,
711,04/27/2023 19:47:43,71.62,43.290,48.15,,,
712,04/27/2023 19:48:43,71.65,43.260,48.17,,,
713,04/27/2023 19:49:43,71.65,43.300,48.19,,,
714,04/27/2023 19:50:43,71.65,43.350,48.22,,,
715,04/27/2023 19:51:43,71.65,43.380,48.24,,,
716,04/27/2023 19:52:43,71.65,43.430,48.27,,,
717,04/27/2023 19:53:43,71.65,43.520,48.32,,,
718,04/27/2023 19:54:43,71.65,43.520,48.32,,,
719,04/27/2023 19:55:43,71.71,43.540,48.38,,,
720,04/27/2023 19:56:43,71.65,43.570,48.35,,,
721,04/27/2023 19:57:43,71.65,43.660,48.41,,,
722,04/27/2023 19:58:43,71.65,43.640,48.40,,,
723,04/27/2023 19:59:43,71.65,43.710,48.44,,,
724,04/27/2023 20:00:43,71.65,43.710,48.44,,,
725,04/27/2023 20:01:43,71.62,43.720,48.41,,,
726,04/27/2023 20:02:43,71.62,43.770,48.44,,,
727,04/27/2023 20:03:43,71.65,43.750,48.47,,,
728,04/27/2023 20:04:43,71.65,43.750,48.47,,,
729,04/27/2023 20:05:43,71.65,43.790,48.49,,,
730,04/27/2023 20:06:43,71.65,43.770,48.48,,,
731,04/27/2023 20:07:43,71.65,43.870,48.54,,,
732,04/27/2023 20:08:43,71.65,43.800,48.50,,,
733,04/27/2023 20:09:43,71.65,43.810,48.50,,,
734,04/27/2023 20:10:43,71.65,43.830,48.51,,,
735,04/27/2023 20:11:43,71.71,43.870,48.59,,,
736,04/27/2023 20:12:43,71.71,43.870,48.59,,,
737,04/27/2023 20:13:43,71.71,43.870,48.59,,,
738,04/27/2023 20:14:43,71.65,43.850,48.53,,,
739,04/27/2023 20:15:43,71.71,43.870,48.59,,,
740,04/27/2023 20:16:43,71.71,43.870,48.59,,,
741,04/27/2023 20:17:43,71.71,43.900,48.60,,,
742,04/27/2023 20:18:43,71.71,43.900,48.60,,,
743,04/27/2023 20:19:43,71.71,43.980,48.66,,,
744,04/27/2023 20:20:43,71.71,43.970,48.65,,,
745,04/27/2023 20:21:43,71.71,43.980,48.66,,,
746,04/27/2023 20:22:43,71.71,44.060,48.70,,,
747,04/27/2023 20:23:43,71.65,44.080,48.67,,,
748,04/27/2023 20:24:43,71.65,44.180,48.73,,,
749,04/27/2023 20:25:43,71.65,44.240,48.76,,,
750,04/27/2023 20:26:43,71.65,44.260,48.78,,,
751,04/27/2023 20:27:43,71.65,44.290,48.79,,,
752,04/27/2023 20:28:43,71.62,44.320,48.78,,,
753,04/27/2023 20:29:43,71.62,44.370,48.81,,,
754,04/27/2023 20:30:43,71.62,44.350,48.80,,,
755,04/27/2023 20:31:43,71.62,44.470,48.87,,,
756,04/27/2023 20:32:43,71.62,44.470,48.87,,,
757,04/27/2023 20:33:43,71.62,44.540,48.91,,,
758,04/27/2023 20:34:43,71.62,44.530,48.90,,,
759,04/27/2023 20:35:43,71.62,44.540,48.91,,,
760,04/27/2023 20:36:43,71.62,44.610,48.95,,,
761,04/27/2023 20:37:43,71.62,44.640,48.97,,,
762,04/27/2023 20:38:43,71.62,44.680,48.99,,,
763,04/27/2023 20:39:43,71.62,44.680,48.99,,,
764,04/27/2023 20:40:43,71.62,44.760,49.05,,,
765,04/27/2023 20:41:43,71.62,44.780,49.06,,,
766,04/27/2023 20:42:43,71.62,44.830,49.09,,,
767,04/27/2023 20:43:43,71.62,44.870,49.11,,,
768,04/27/2023 20:44:43,71.62,44.900,49.13,,,
769,04/27/2023 20:45:43,71.62,44.930,49.15,,,
770,04/27/2023 20:46:43,71.62,45.010,49.19,,,
771,04/27/2023 20:47:43,71.58,45.070,49.20,,,
772,04/27/2023 20:48:43,71.58,45.010,49.16,,,
773,04/27/2023 20:49:43,71.58,45.090,49.21,,,
774,04/27/2023 20:50:43,71.58,45.110,49.22,,,
775,04/27/2023 20:51:43,71.58,45.130,49.23,,,
776,04/27/2023 20:52:43,71.58,45.130,49.23,,,
777,04/27/2023 20:53:43,71.58,45.120,49.22,,,
778,04/27/2023 20:54:43,71.58,45.100,49.21,,,
779,04/27/2023 20:55:43,71.58,45.150,49.25,,,
780,04/27/2023 20:56:43,71.58,45.150,49.25,,,
781,04/27/2023 20:57:43,71.58,45.120,49.22,,,
782,04/27/2023 20:58:43,71.58,45.150,49.24,,,
783,04/27/2023 20:59:43,71.58,45.130,49.23,,,
784,04/27/2023 21:00:43,71.58,45.210,49.28,,,
785,04/27/2023 21:01:43,71.58,45.140,49.23,,,
786,04/27/2023 21:02:43,71.58,45.180,49.26,,,
787,04/27/2023 21:03:43,71.58,45.170,49.26,,,
788,04/27/2023 21:04:43,71.58,45.190,49.27,,,
789,04/27/2023 21:05:43,71.58,45.210,49.28,,,
790,04/27/2023 21:06:43,71.58,45.230,49.29,,,
791,04/27/2023 21:07:43,71.58,45.230,49.29,,,
792,04/27/2023 21:08:43,71.58,45.180,49.26,,,
793,04/27/2023 21:09:43,71.58,45.230,49.29,,,
794,04/27/2023 21:10:43,71.53,45.280,49.27,,,
795,04/27/2023 21:11:43,71.53,45.320,49.29,,,
796,04/27/2023 21:12:43,71.53,45.340,49.31,,,
797,04/27/2023 21:13:43,71.53,45.390,49.33,,,
798,04/27/2023 21:14:43,71.53,45.390,49.33,,,
799,04/27/2023 21:15:43,71.53,45.360,49.32,,,
800,04/27/2023 21:16:43,71.53,45.400,49.34,,,
801,04/27/2023 21:17:43,71.53,45.360,49.32,,,
802,04/27/2023 21:18:43,71.53,45.360,49.32,,,
803,04/27/2023 21:19:43,71.53,45.400,49.34,,,
804,04/27/2023 21:20:43,71.53,45.390,49.33,,,
805,04/27/2023 21:21:43,71.53,45.420,49.36,,,
806,04/27/2023 21:22:43,71.53,45.400,49.34,,,
807,04/27/2023 21:23:43,71.53,45.420,49.36,,,
808,04/27/2023 21:24:43,71.53,45.460,49.38,,,
809,04/27/2023 21:25:43,71.53,45.440,49.37,,,
810,04/27/2023 21:26:43,71.53,45.440,49.37,,,
811,04/27/2023 21:27:43,71.53,45.440,49.37,,,
812,04/27/2023 21:28:43,71.53,45.440,49.37,,,
813,04/27/2023 21:29:43,71.53,45.480,49.39,,,
814,04/27/2023 21:30:43,71.58,45.500,49.45,,,
815,04/27/2023 21:31:43,71.53,45.510,49.41,,,
816,04/27/2023 21:32:43,71.53,45.490,49.40,,,
817,04/27/2023 21:33:43,71.53,45.490,49.40,,,
818,04/27/2023 21:34:43,71.53,45.560,49.44,,,
819,04/27/2023 21:35:43,71.53,45.590,49.46,,,
820,04/27/2023 21:36:43,71.53,45.610,49.47,,,
821,04/27/2023 21:37:43,71.53,45.670,49.50,,,
822,04/27/2023 21:38:43,71.53,45.670,49.50,,,
823,04/27/2023 21:39:43,71.53,45.670,49.50,,,
824,04/27/2023 21:40:43,71.49,45.620,49.44,,,
825,04/27/2023 21:41:43,71.49,45.670,49.47,,,
826,04/27/2023 21:42:43,71.53,45.640,49.48,,,
827,04/27/2023 21:43:43,71.49,45.670,49.47,,,
828,04/27/2023 21:44:43,71.49,45.680,49.48,,,
829,04/27/2023 21:45:43,71.49,45.720,49.50,,,
830,04/27/2023 21:46:43,71.49,45.720,49.50,,,
831,04/27/2023 21:47:43,71.49,45.720,49.50,,,
832,04/27/2023 21:48:43,71.49,45.700,49.48,,,
833,04/27/2023 21:49:43,71.53,45.690,49.51,,,
834,04/27/2023 21:50:43,71.53,45.720,49.53,,,
835,04/27/2023 21:51:43,71.53,45.720,49.53,,,
836,04/27/2023 21:52:43,71.53,45.730,49.54,,,
837,04/27/2023 21:53:43,71.53,45.720,49.53,,,
838,04/27/2023 21:54:43,71.53,45.750,49.55,,,
839,04/27/2023 21:55:43,71.53,45.750,49.55,,,
840,04/27/2023 21:56:43,71.53,45.770,49.56,,,
841,04/27/2023 21:57:43,71.53,45.750,49.55,,,
842,04/27/2023 21:58:43,71.53,45.800,49.58,,,
843,04/27/2023 21:59:43,71.53,45.870,49.62,,,
844,04/27/2023 22:00:43,71.53,45.890,49.63,,,
845,04/27/2023 22:01:43,71.53,45.920,49.65,,,
846,04/27/2023 22:02:43,71.49,45.970,49.64,,,
847,04/27/2023 22:03:43,71.49,45.950,49.63,,,
848,04/27/2023 22:04:43,71.49,45.940,49.62,,,
849,04/27/2023 22:05:43,71.49,45.940,49.62,,,
850,04/27/2023 22:06:43,71.49,45.980,49.65,,,
851,04/27/2023 22:07:43,71.49,45.980,49.65,,,
852,04/27/2023 22:08:43,71.49,45.980,49.65,,,
853,04/27/2023 22:09:43,71.49,46.040,49.68,,,
854,04/27/2023 22:10:43,71.49,46.020,49.67,,,
855,04/27/2023 22:11:43,71.49,46.060,49.70,,,
856,04/27/2023 22:12:43,71.49,46.040,49.69,,,
857,04/27/2023 22:13:43,71.49,46.050,49.69,,,
858,04/27/2023 22:14:43,71.49,46.090,49.72,,,
859,04/27/2023 22:15:43,71.49,46.090,49.72,,,
860,04/27/2023 22:16:43,71.53,46.060,49.73,,,
861,04/27/2023 22:17:43,71.53,46.090,49.75,,,
862,04/27/2023 22:18:43,71.53,46.130,49.77,,,
863,04/27/2023 22:19:43,71.53,46.150,49.78,,,
864,04/27/2023 22:20:43,71.53,46.200,49.81,,,
865,04/27/2023 22:21:43,71.53,46.190,49.80,,,
866,04/27/2023 22:22:43,71.53,46.190,49.80,,,
867,04/27/2023 22:23:43,71.53,46.220,49.82,,,
868,04/27/2023 22:24:43,71.53,46.230,49.83,,,
869,04/27/2023 22:25:43,71.49,46.300,49.84,,,
870,04/27/2023 22:26:43,71.49,46.330,49.86,,,
871,04/27/2023 22:27:43,71.49,46.400,49.89,,,
872,04/27/2023 22:28:43,71.49,46.400,49.89,,,
873,04/27/2023 22:29:43,71.49,46.360,49.87,,,
874,04/27/2023 22:30:43,71.49,46.400,49.89,,,
875,04/27/2023 22:31:43,71.49,46.400,49.89,,,
876,04/27/2023 22:32:43,71.49,46.400,49.89,,,
877,04/27/2023 22:33:43,71.49,46.440,49.92,,,
878,04/27/2023 22:34:43,71.49,46.400,49.89,,,
879,04/27/2023 22:35:43,71.49,46.420,49.90,,,
880,04/27/2023 22:36:43,71.49,46.400,49.89,,,
881,04/27/2023 22:37:43,71.49,46.400,49.89,,,
882,04/27/2023 22:38:43,71.49,46.360,49.87,,,
883,04/27/2023 22:39:43,71.49,46.380,49.88,,,
884,04/27/2023 22:40:43,71.49,46.360,49.87,,,
885,04/27/2023 22:41:43,71.49,46.360,49.87,,,
886,04/27/2023 22:42:43,71.49,46.360,49.87,,,
887,04/27/2023 22:43:43,71.49,46.340,49.86,,,
888,04/27/2023 22:44:43,71.49,46.410,49.90,,,
889,04/27/2023 22:45:43,71.49,46.410,49.90,,,
890,04/27/2023 22:46:43,71.49,46.420,49.91,,,
891,04/27/2023 22:47:43,71.49,46.390,49.89,,,
892,04/27/2023 22:48:43,71.49,46.390,49.89,,,
893,04/27/2023 22:49:43,71.49,46.360,49.87,,,
894,04/27/2023 22:50:43,71.49,46.400,49.89,,,
895,04/27/2023 22:51:43,71.49,46.400,49.89,,,
896,04/27/2023 22:52:43,71.49,46.400,49.89,,,
897,04/27/2023 22:53:43,71.49,46.400,49.89,,,
898,04/27/2023 22:54:43,71.49,46.400,49.89,,,
899,04/27/2023 22:55:43,71.44,46.440,49.87,,,
900,04/27/2023 22:56:43,71.44,46.420,49.86,,,
901,04/27/2023 22:57:43,71.44,46.420,49.86,,,
902,04/27/2023 22:58:43,71.44,46.420,49.86,,,
903,04/27/2023 22:59:43,71.44,46.400,49.85,,,
904,04/27/2023 23:00:43,71.44,46.400,49.85,,,
905,04/27/2023 23:01:43,71.44,46.360,49.82,,,
906,04/27/2023 23:02:43,71.49,46.360,49.87,,,
907,04/27/2023 23:03:43,71.49,46.380,49.88,,,
908,04/27/2023 23:04:43,71.49,46.400,49.89,,,
909,04/27/2023 23:05:43,71.49,46.380,49.88,,,
910,04/27/2023 23:06:43,71.49,46.380,49.88,,,
911,04/27/2023 23:07:43,71.49,46.350,49.87,,,
912,04/27/2023 23:08:43,71.49,46.380,49.88,,,
913,04/27/2023 23:09:43,71.49,46.380,49.88,,,
914,04/27/2023 23:10:43,71.49,46.420,49.90,,,
915,04/27/2023 23:11:43,71.49,46.360,49.87,,,
916,04/27/2023 23:12:43,71.49,46.360,49.87,,,
917,04/27/2023 23:13:43,71.49,46.360,49.87,,,
918,04/27/2023 23:14:43,71.49,46.400,49.89,,,
919,04/27/2023 23:15:43,71.44,46.420,49.86,,,
920,04/27/2023 23:16:43,71.44,46.420,49.86,,,
921,04/27/2023 23:17:43,71.44,46.420,49.86,,,
922,04/27/2023 23:18:43,71.44,46.440,49.87,,,
923,04/27/2023 23:19:43,71.44,46.400,49.85,,,
924,04/27/2023 23:20:43,71.44,46.400,49.85,,,
925,04/27/2023 23:21:43,71.44,46.420,49.86,,,
926,04/27/2023 23:22:43,71.44,46.420,49.86,,,
927,04/27/2023 23:23:43,71.44,46.400,49.85,,,
928,04/27/2023 23:24:43,71.44,46.380,49.83,,,
929,04/27/2023 23:25:43,71.44,46.420,49.86,,,
930,04/27/2023 23:26:43,71.44,46.420,49.86,,,
931,04/27/2023 23:27:43,71.44,46.420,49.86,,,
932,04/27/2023 23:28:43,71.44,46.380,49.83,,,
933,04/27/2023 23:29:43,71.49,46.400,49.89,,,
934,04/27/2023 23:30:43,71.49,46.400,49.89,,,
935,04/27/2023 23:31:43,71.49,46.420,49.90,,,
936,04/27/2023 23:32:43,71.49,46.400,49.89,,,
937,04/27/2023 23:33:43,71.49,46.400,49.89,,,
938,04/27/2023 23:34:43,71.49,46.380,49.88,,,
939,04/27/2023 23:35:43,71.49,46.330,49.86,,,
940,04/27/2023 23:36:43,71.49,46.370,49.88,,,
941,04/27/2023 23:37:43,71.49,46.380,49.88,,,
942,04/27/2023 23:38:43,71.49,46.470,49.93,,,
943,04/27/2023 23:39:43,71.44,46.450,49.88,,,
944,04/27/2023 23:40:43,71.44,46.470,49.88,,,
945,04/27/2023 23:41:43,71.44,46.470,49.88,,,
946,04/27/2023 23:42:43,71.44,46.480,49.89,,,
947,04/27/2023 23:43:43,71.44,46.480,49.89,,,
948,04/27/2023 23:44:43,71.44,46.500,49.91,,,
949,04/27/2023 23:45:43,71.44,46.480,49.89,,,
950,04/27/2023 23:46:43,71.40,46.500,49.87,,,
951,04/27/2023 23:47:43,71.44,46.480,49.89,,,
952,04/27/2023 23:48:43,71.44,46.500,49.90,,,
953,04/27/2023 23:49:43,71.44,46.460,49.88,,,
954,04/27/2023 23:50:43,71.44,46.460,49.88,,,
955,04/27/2023 23:51:43,71.44,46.500,49.91,,,
956,04/27/2023 23:52:43,71.44,46.480,49.89,,,
957,04/27/2023 23:53:43,71.44,46.480,49.89,,,
958,04/27/2023 23:54:43,71.44,46.480,49.89,,,
959,04/27/2023 23:55:43,71.44,46.450,49.88,,,
960,04/27/2023 23:56:43,71.44,46.470,49.88,,,
961,04/27/2023 23:57:43,71.44,46.470,49.88,,,
962,04/27/2023 23:58:43,71.44,46.420,49.86,,,
963,04/27/2023 23:59:43,71.44,46.450,49.88,,,
964,04/28/2023 00:00:43,71.44,46.420,49.86,,,
965,04/28/2023 00:01:43,71.44,46.420,49.86,,,
966,04/28/2023 00:02:43,71.44,46.360,49.82,,,
967,04/28/2023 00:03:43,71.44,46.380,49.83,,,
968,04/28/2023 00:04:43,71.44,46.360,49.82,,,
969,04/28/2023 00:05:43,71.44,46.400,49.85,,,
970,04/28/2023 00:06:43,71.44,46.420,49.86,,,
971,04/28/2023 00:07:43,71.40,46.390,49.81,,,
972,04/28/2023 00:08:43,71.40,46.420,49.83,,,
973,04/28/2023 00:09:43,71.40,46.410,49.82,,,
974,04/28/2023 00:10:43,71.40,46.410,49.82,,,
975,04/28/2023 00:11:43,71.40,46.410,49.82,,,
976,04/28/2023 00:12:43,71.40,46.390,49.81,,,
977,04/28/2023 00:13:43,71.40,46.370,49.80,,,
978,04/28/2023 00:14:43,71.40,46.390,49.81,,,
979,04/28/2023 00:15:43,71.40,46.360,49.79,,,
980,04/28/2023 00:16:43,71.40,46.300,49.76,,,
981,04/28/2023 00:17:43,71.44,46.300,49.79,,,
982,04/28/2023 00:18:43,71.44,46.330,49.81,,,
983,04/28/2023 00:19:43,71.44,46.310,49.80,,,
984,04/28/2023 00:20:43,71.44,46.280,49.77,,,
985,04/28/2023 00:21:43,71.44,46.260,49.76,,,
986,04/28/2023 00:22:43,71.44,46.250,49.76,,,
987,04/28/2023 00:23:43,71.44,46.250,49.76,,,
988,04/28/2023 00:24:43,71.44,46.230,49.75,,,
989,04/28/2023 00:25:43,71.44,46.250,49.76,,,
990,04/28/2023 00:26:43,71.44,46.210,49.74,,,
991,04/28/2023 00:27:43,71.44,46.190,49.72,,,
992,04/28/2023 00:28:43,71.44,46.190,49.72,,,
993,04/28/2023 00:29:43,71.44,46.140,49.70,,,
994,04/28/2023 00:30:43,71.44,46.170,49.71,,,
995,04/28/2023 00:31:43,71.44,46.210,49.74,,,
996,04/28/2023 00:32:43,71.44,46.220,49.74,,,
997,04/28/2023 00:33:43,71.40,46.250,49.73,,,
998,04/28/2023 00:34:43,71.40,46.230,49.72,,,
999,04/28/2023 00:35:43,71.40,46.230,49.72,,,
1000,04/28/2023 00:36:43,71.40,46.250,49.73,,,
1001,04/28/2023 00:37:43,71.40,46.250,49.73,,,
1002,04/28/2023 00:38:43,71.40,46.220,49.71,,,
1003,04/28/2023 00:39:43,71.40,46.230,49.72,,,
1004,04/28/2023 00:40:43,71.40,46.220,49.71,,,
1005,04/28/2023 00:41:43,71.40,46.220,49.71,,,
1006,04/28/2023 00:42:43,71.40,46.190,49.69,,,
1007,04/28/2023 00:43:43,71.44,46.220,49.74,,,
1008,04/28/2023 00:44:43,71.44,46.190,49.72,,,
1009,04/28/2023 00:45:43,71.44,46.170,49.71,,,
1010,04/28/2023 00:46:43,71.44,46.150,49.70,,,
1011,04/28/2023 00:47:43,71.44,46.150,49.70,,,
1012,04/28/2023 00:48:43,71.44,46.170,49.71,,,
1013,04/28/2023 00:49:43,71.44,46.150,49.70,,,
1014,04/28/2023 00:50:43,71.44,46.210,49.74,,,
1015,04/28/2023 00:51:43,71.44,46.120,49.69,,,
1016,04/28/2023 00:52:43,71.44,46.150,49.70,,,
1017,04/28/2023 00:53:43,71.44,46.150,49.70,,,
1018,04/28/2023 00:54:43,71.40,46.170,49.68,,,
1019,04/28/2023 00:55:43,71.40,46.150,49.67,,,
1020,04/28/2023 00:56:43,71.40,46.150,49.67,,,
1021,04/28/2023 00:57:43,71.40,46.200,49.70,,,
1022,04/28/2023 00:58:43,71.40,46.230,49.72,,,
1023,04/28/2023 00:59:43,71.40,46.230,49.72,,,
1024,04/28/2023 01:00:43,71.40,46.220,49.71,,,
1025,04/28/2023 01:01:43,71.40,46.230,49.72,,,
1026,04/28/2023 01:02:43,71.40,46.250,49.73,,,
1027,04/28/2023 01:03:43,71.40,46.270,49.74,,,
1028,04/28/2023 01:04:43,71.40,46.250,49.73,,,
1029,04/28/2023 01:05:43,71.40,46.300,49.76,,,
1030,04/28/2023 01:06:43,71.40,46.300,49.76,,,
1031,04/28/2023 01:07:43,71.40,46.320,49.77,,,
1032,04/28/2023 01:08:43,71.40,46.370,49.80,,,
1033,04/28/2023 01:09:43,71.40,46.390,49.81,,,
1034,04/28/2023 01:10:43,71.40,46.370,49.80,,,
1035,04/28/2023 01:11:43,71.40,46.390,49.81,,,
1036,04/28/2023 01:12:43,71.40,46.390,49.81,,,
1037,04/28/2023 01:13:43,71.44,46.420,49.86,,,
1038,04/28/2023 01:14:43,71.44,46.370,49.83,,,
1039,04/28/2023 01:15:43,71.44,46.420,49.86,,,
1040,04/28/2023 01:16:43,71.44,46.440,49.87,,,
1041,04/28/2023 01:17:43,71.44,46.450,49.88,,,
1042,04/28/2023 01:18:43,71.44,46.480,49.89,,,
1043,04/28/2023 01:19:43,71.44,46.450,49.88,,,
1044,04/28/2023 01:20:43,71.44,46.470,49.88,,,
1045,04/28/2023 01:21:43,71.44,46.500,49.91,,,
1046,04/28/2023 01:22:43,71.44,46.500,49.91,,,
1047,04/28/2023 01:23:43,71.44,46.500,49.91,,,
1048,04/28/2023 01:24:43,71.44,46.480,49.89,,,
1049,04/28/2023 01:25:43,71.44,46.480,49.89,,,
1050,04/28/2023 01:26:43,71.44,46.480,49.89,,,
1051,04/28/2023 01:27:43,71.49,46.480,49.94,,,
1052,04/28/2023 01:28:43,71.44,46.500,49.91,,,
1053,04/28/2023 01:29:43,71.49,46.480,49.94,,,
1054,04/28/2023 01:30:43,71.49,46.470,49.93,,,
1055,04/28/2023 01:31:43,71.49,46.470,49.93,,,
1056,04/28/2023 01:32:43,71.49,46.480,49.94,,,
1057,04/28/2023 01:33:43,71.49,46.470,49.93,,,
1058,04/28/2023 01:34:43,71.49,46.480,49.94,,,
1059,04/28/2023 01:35:43,71.49,46.480,49.94,,,
1060,04/28/2023 01:36:43,71.49,46.480,49.94,,,
1061,04/28/2023 01:37:43,71.49,46.500,49.95,,,
1062,04/28/2023 01:38:43,71.49,46.500,49.95,,,
1063,04/28/2023 01:39:43,71.49,46.540,49.98,,,
1064,04/28/2023 01:40:43,71.49,46.540,49.98,,,
1065,04/28/2023 01:41:43,71.49,46.520,49.96,,,
1066,04/28/2023 01:42:43,71.49,46.540,49.98,,,
1067,04/28/2023 01:43:43,71.49,46.540,49.98,,,
1068,04/28/2023 01:44:43,71.49,46.520,49.96,,,
1069,04/28/2023 01:45:43,71.49,46.520,49.96,,,
1070,04/28/2023 01:46:43,71.49,46.530,49.97,,,
1071,04/28/2023 01:47:43,71.49,46.500,49.95,,,
1072,04/28/2023 01:48:43,71.49,46.510,49.96,,,
1073,04/28/2023 01:49:43,71.49,46.530,49.97,,,
1074,04/28/2023 01:50:43,71.49,46.530,49.97,,,
1075,04/28/2023 01:51:43,71.49,46.520,49.96,,,
1076,04/28/2023 01:52:43,71.49,46.540,49.98,,,
1077,04/28/2023 01:53:43,71.49,46.550,49.98,,,
1078,04/28/2023 01:54:43,71.49,46.540,49.98,,,
1079,04/28/2023 01:55:43,71.49,46.520,49.96,,,
1080,04/28/2023 01:56:43,71.49,46.540,49.98,,,
1081,04/28/2023 01:57:43,71.49,46.550,49.98,,,
1082,04/28/2023 01:58:43,71.49,46.550,49.98,,,
1083,04/28/2023 01:59:43,71.49,46.550,49.98,,,
1084,04/28/2023 02:00:43,71.49,46.550,49.98,,,
1085,04/28/2023 02:01:43,71.49,46.560,49.99,,,
1086,04/28/2023 02:02:43,71.49,46.580,50.00,,,
1087,04/28/2023 02:03:43,71.49,46.640,50.03,,,
1088,04/28/2023 02:04:43,71.49,46.610,50.01,,,
1089,04/28/2023 02:05:43,71.49,46.600,50.01,,,
1090,04/28/2023 02:06:43,71.49,46.580,50.00,,,
1091,04/28/2023 02:07:43,71.49,46.600,50.01,,,
1092,04/28/2023 02:08:43,71.49,46.560,49.99,,,
1093,04/28/2023 02:09:43,71.49,46.620,50.02,,,
1094,04/28/2023 02:10:43,71.49,46.580,50.00,,,
1095,04/28/2023 02:11:43,71.49,46.620,50.02,,,
1096,04/28/2023 02:12:43,71.49,46.640,50.03,,,
1097,04/28/2023 02:13:43,71.49,46.580,50.00,,,
1098,04/28/2023 02:14:43,71.49,46.640,50.04,,,
1099,04/28/2023 02:15:43,71.49,46.640,50.03,,,
1100,04/28/2023 02:16:43,71.49,46.650,50.04,,,
1101,04/28/2023 02:17:43,71.49,46.640,50.03,,,
1102,04/28/2023 02:18:43,71.49,46.670,50.05,,,
1103,04/28/2023 02:19:43,71.49,46.670,50.05,,,
1104,04/28/2023 02:20:43,71.49,46.670,50.05,,,
1105,04/28/2023 02:21:43,71.49,46.690,50.06,,,
1106,04/28/2023 02:22:43,71.49,46.690,50.06,,,
1107,04/28/2023 02:23:43,71.49,46.700,50.07,,,
1108,04/28/2023 02:24:43,71.49,46.700,50.07,,,
1109,04/28/2023 02:25:43,71.49,46.690,50.06,,,
1110,04/28/2023 02:26:43,71.49,46.730,50.08,,,
1111,04/28/2023 02:27:43,71.49,46.720,50.08,,,
1112,04/28/2023 02:28:43,71.49,46.700,50.07,,,
1113,04/28/2023 02:29:43,71.49,46.730,50.08,,,
1114,04/28/2023 02:30:43,71.49,46.730,50.08,,,
1115,04/28/2023 02:31:43,71.49,46.710,50.07,,,
1116,04/28/2023 02:32:43,71.49,46.730,50.08,,,
1117,04/28/2023 02:33:43,71.49,46.720,50.08,,,
1118,04/28/2023 02:34:43,71.49,46.750,50.10,,,
1119,04/28/2023 02:35:43,71.49,46.710,50.07,,,
1120,04/28/2023 02:36:43,71.49,46.710,50.07,,,
1121,04/28/2023 02:37:43,71.49,46.730,50.08,,,
1122,04/28/2023 02:38:43,71.49,46.730,50.08,,,
1123,04/28/2023 02:39:43,71.49,46.720,50.08,,,
1124,04/28/2023 02:40:43,71.49,46.740,50.09,,,
1125,04/28/2023 02:41:43,71.49,46.700,50.07,,,
1126,04/28/2023 02:42:43,71.49,46.700,50.07,,,
1127,04/28/2023 02:43:43,71.49,46.710,50.07,,,
1128,04/28/2023 02:44:43,71.53,46.710,50.11,,,
1129,04/28/2023 02:45:43,71.49,46.720,50.08,,,
1130,04/28/2023 02:46:43,71.49,46.700,50.07,,,
1131,04/28/2023 02:47:43,71.49,46.730,50.08,,,
1132,04/28/2023 02:48:43,71.49,46.730,50.08,,,
1133,04/28/2023 02:49:43,71.49,46.720,50.08,,,
1134,04/28/2023 02:50:43,71.49,46.720,50.08,,,
1135,04/28/2023 02:51:43,71.49,46.730,50.08,,,
1136,04/28/2023 02:52:43,71.49,46.720,50.08,,,
1137,04/28/2023 02:53:43,71.49,46.770,50.11,,,
1138,04/28/2023 02:54:43,71.49,46.750,50.10,,,
1139,04/28/2023 02:55:43,71.49,46.750,50.10,,,
1140,04/28/2023 02:56:43,71.49,46.720,50.08,,,
1141,04/28/2023 02:57:43,71.49,46.750,50.10,,,
1142,04/28/2023 02:58:43,71.49,46.750,50.10,,,
1143,04/28/2023 02:59:43,71.49,46.750,50.10,,,
1144,04/28/2023 03:00:43,71.53,46.730,50.12,,,
1145,04/28/2023 03:01:43,71.53,46.730,50.12,,,
1146,04/28/2023 03:02:43,71.53,46.730,50.12,,,
1147,04/28/2023 03:03:43,71.53,46.730,50.12,,,
1148,04/28/2023 03:04:43,71.53,46.730,50.12,,,
1149,04/28/2023 03:05:43,71.53,46.750,50.13,,,
1150,04/28/2023 03:06:43,71.53,46.750,50.13,,,
1151,04/28/2023 03:07:43,71.53,46.750,50.13,,,
1152,04/28/2023 03:08:43,71.53,46.770,50.14,,,
1153,04/28/2023 03:09:43,71.53,46.770,50.14,,,
1154,04/28/2023 03:10:43,71.53,46.800,50.16,,,
1155,04/28/2023 03:11:43,71.53,46.800,50.16,,,
1156,04/28/2023 03:12:43,71.53,46.770,50.14,,,
1157,04/28/2023 03:13:43,71.53,46.800,50.16,,,
1158,04/28/2023 03:14:43,71.53,46.800,50.16,,,
1159,04/28/2023 03:15:43,71.53,46.780,50.15,,,
1160,04/28/2023 03:16:43,71.53,46.800,50.16,,,
1161,04/28/2023 03:17:43,71.53,46.850,50.19,,,
1162,04/28/2023 03:18:43,71.53,46.850,50.19,,,
1163,04/28/2023 03:19:43,71.53,46.890,50.21,,,
1164,04/28/2023 03:20:43,71.53,46.870,50.20,,,
1165,04/28/2023 03:21:43,71.53,46.910,50.22,,,
1166,04/28/2023 03:22:43,71.53,46.870,50.20,,,
1167,04/28/2023 03:23:43,71.53,46.870,50.20,,,
1168,04/28/2023 03:24:43,71.53,46.910,50.22,,,
1169,04/28/2023 03:25:43,71.53,46.910,50.22,,,
1170,04/28/2023 03:26:43,71.53,46.910,50.22,,,
1171,04/28/2023 03:27:43,71.53,46.940,50.24,,,
1172,04/28/2023 03:28:43,71.53,46.940,50.24,,,
1173,04/28/2023 03:29:43,71.53,46.990,50.27,,,
1174,04/28/2023 03:30:43,71.53,46.990,50.27,,,
1175,04/28/2023 03:31:43,71.53,46.990,50.27,,,
1176,04/28/2023 03:32:43,71.53,47.020,50.29,,,
1177,04/28/2023 03:33:43,71.53,47.000,50.28,,,
1178,04/28/2023 03:34:43,71.53,47.050,50.30,,,
1179,04/28/2023 03:35:43,71.53,47.020,50.29,,,
1180,04/28/2023 03:36:43,71.53,47.040,50.30,,,
1181,04/28/2023 03:37:43,71.53,47.060,50.31,,,
1182,04/28/2023 03:38:43,71.53,47.020,50.29,,,
1183,04/28/2023 03:39:43,71.53,47.060,50.31,,,
1184,04/28/2023 03:40:43,71.53,47.080,50.32,,,
1185,04/28/2023 03:41:43,71.53,47.060,50.31,,,
1186,04/28/2023 03:42:43,71.53,47.090,50.33,,,
1187,04/28/2023 03:43:43,71.53,47.110,50.33,,,
1188,04/28/2023 03:44:43,71.53,47.130,50.35,,,
1189,04/28/2023 03:45:43,71.53,47.080,50.32,,,
1190,04/28/2023 03:46:43,71.53,47.090,50.33,,,
1191,04/28/2023 03:47:43,71.53,47.110,50.33,,,
1192,04/28/2023 03:48:43,71.53,47.090,50.33,,,
1193,04/28/2023 03:49:43,71.53,47.130,50.35,,,
1194,04/28/2023 03:50:43,71.53,47.140,50.36,,,
1195,04/28/2023 03:51:43,71.53,47.130,50.35,,,
1196,04/28/2023 03:52:43,71.53,47.130,50.35,,,
1197,04/28/2023 03:53:43,71.53,47.090,50.33,,,
1198,04/28/2023 03:54:43,71.53,47.090,50.33,,,
1199,04/28/2023 03:55:43,71.53,47.080,50.32,,,
1200,04/28/2023 03:56:43,71.53,47.130,50.35,,,
1201,04/28/2023 03:57:43,71.53,47.110,50.33,,,
1202,04/28/2023 03:58:43,71.53,47.080,50.32,,,
1203,04/28/2023 03:59:43,71.53,47.090,50.33,,,
1204,04/28/2023 04:00:43,71.53,47.110,50.33,,,
1205,04/28/2023 04:01:43,71.53,47.110,50.33,,,
1206,04/28/2023 04:02:43,71.53,47.090,50.33,,,
1207,04/28/2023 04:03:43,71.53,47.140,50.36,,,
1208,04/28/2023 04:04:43,71.53,47.090,50.33,,,
1209,04/28/2023 04:05:43,71.53,47.080,50.32,,,
1210,04/28/2023 04:06:43,71.53,47.080,50.32,,,
1211,04/28/2023 04:07:43,71.53,47.090,50.33,,,
1212,04/28/2023 04:08:43,71.53,47.080,50.32,,,
1213,04/28/2023 04:09:43,71.53,47.080,50.32,,,
1214,04/28/2023 04:10:43,71.53,47.090,50.33,,,
1215,04/28/2023 04:11:43,71.53,47.060,50.31,,,
1216,04/28/2023 04:12:43,71.53,47.090,50.33,,,
1217,04/28/2023 04:13:43,71.53,47.090,50.33,,,
1218,04/28/2023 04:14:43,71.53,47.080,50.32,,,
1219,04/28/2023 04:15:43,71.53,47.110,50.33,,,
1220,04/28/2023 04:16:43,71.58,47.130,50.39,,,
1221,04/28/2023 04:17:43,71.53,47.130,50.35,,,
1222,04/28/2023 04:18:43,71.53,47.110,50.33,,,
1223,04/28/2023 04:19:43,71.53,47.130,50.35,,,
1224,04/28/2023 04:20:43,71.53,47.130,50.35,,,
1225,04/28/2023 04:21:43,71.53,47.130,50.35,,,
1226,04/28/2023 04:22:43,71.53,47.140,50.36,,,
1227,04/28/2023 04:23:43,71.53,47.140,50.36,,,
1228,04/28/2023 04:24:43,71.53,47.130,50.35,,,
1229,04/28/2023 04:25:43,71.53,47.130,50.35,,,
1230,04/28/2023 04:26:43,71.53,47.130,50.35,,,
1231,04/28/2023 04:27:43,71.53,47.140,50.36,,,
1232,04/28/2023 04:28:43,71.53,47.130,50.35,,,
1233,04/28/2023 04:29:43,71.53,47.130,50.35,,,
1234,04/28/2023 04:30:43,71.53,47.140,50.36,,,
1235,04/28/2023 04:31:43,71.53,47.130,50.35,,,
1236,04/28/2023 04:32:43,71.53,47.140,50.36,,,
1237,04/28/2023 04:33:43,71.53,47.130,50.35,,,
1238,04/28/2023 04:34:43,71.53,47.160,50.37,,,
1239,04/28/2023 04:35:43,71.53,47.140,50.36,,,
1240,04/28/2023 04:36:43,71.53,47.180,50.38,,,
1241,04/28/2023 04:37:43,71.53,47.140,50.36,,,
1242,04/28/2023 04:38:43,71.53,47.130,50.35,,,
1243,04/28/2023 04:39:43,71.53,47.130,50.35,,,
1244,04/28/2023 04:40:43,71.53,47.130,50.35,,,
1245,04/28/2023 04:41:43,71.53,47.090,50.33,,,
1246,04/28/2023 04:42:43,71.58,47.130,50.39,,,
1247,04/28/2023 04:43:43,71.53,47.130,50.35,,,
1248,04/28/2023 04:44:43,71.53,47.090,50.33,,,
1249,04/28/2023 04:45:43,71.58,47.130,50.39,,,
1250,04/28/2023 04:46:43,71.58,47.110,50.38,,,
1251,04/28/2023 04:47:43,71.58,47.130,50.39,,,
1252,04/28/2023 04:48:43,71.53,47.130,50.35,,,
1253,04/28/2023 04:49:43,71.53,47.130,50.35,,,
1254,04/28/2023 04:50:43,71.53,47.110,50.33,,,
1255,04/28/2023 04:51:43,71.58,47.110,50.38,,,
1256,04/28/2023 04:52:43,71.53,47.110,50.33,,,
1257,04/28/2023 04:53:43,71.53,47.080,50.32,,,
1258,04/28/2023 04:54:43,71.53,47.130,50.35,,,
1259,04/28/2023 04:55:43,71.58,47.130,50.39,,,
1260,04/28/2023 04:56:43,71.53,47.110,50.33,,,
1261,04/28/2023 04:57:43,71.53,47.090,50.33,,,
1262,04/28/2023 04:58:43,71.53,47.130,50.35,,,
1263,04/28/2023 04:59:43,71.53,47.110,50.33,,,
1264,04/28/2023 05:00:43,71.58,47.130,50.39,,,
1265,04/28/2023 05:01:43,71.58,47.090,50.38,,,
1266,04/28/2023 05:02:43,71.58,47.090,50.38,,,
1267,04/28/2023 05:03:43,71.58,47.110,50.38,,,
1268,04/28/2023 05:04:43,71.58,47.080,50.37,,,
1269,04/28/2023 05:05:43,71.58,47.060,50.36,,,
1270,04/28/2023 05:06:43,71.58,47.060,50.36,,,
1271,04/28/2023 05:07:43,71.58,47.080,50.37,,,
1272,04/28/2023 05:08:43,71.58,47.060,50.36,,,
1273,04/28/2023 05:09:43,71.58,47.080,50.37,,,
1274,04/28/2023 05:10:43,71.58,47.060,50.36,,,
1275,04/28/2023 05:11:43,71.58,47.060,50.36,,,
1276,04/28/2023 05:12:43,71.58,47.040,50.35,,,
1277,04/28/2023 05:13:43,71.58,47.080,50.37,,,
1278,04/28/2023 05:14:43,71.58,47.080,50.37,,,
1279,04/28/2023 05:15:43,71.58,47.060,50.36,,,
1280,04/28/2023 05:16:43,71.58,47.050,50.35,,,
1281,04/28/2023 05:17:43,71.58,47.030,50.34,,,
1282,04/28/2023 05:18:43,71.58,47.050,50.35,,,
1283,04/28/2023 05:19:43,71.58,47.020,50.34,,,
1284,04/28/2023 05:20:43,71.58,47.060,50.36,,,
1285,04/28/2023 05:21:43,71.58,47.040,50.35,,,
1286,04/28/2023 05:22:43,71.58,47.020,50.34,,,
1287,04/28/2023 05:23:43,71.58,47.000,50.32,,,
1288,04/28/2023 05:24:43,71.58,47.000,50.32,,,
1289,04/28/2023 05:25:43,71.58,46.990,50.32,,,
1290,04/28/2023 05:26:43,71.58,47.020,50.34,,,
1291,04/28/2023 05:27:43,71.58,47.000,50.32,,,
1292,04/28/2023 05:28:43,71.58,47.000,50.32,,,
1293,04/28/2023 05:29:43,71.58,46.990,50.32,,,
1294,04/28/2023 05:30:43,71.58,47.020,50.33,,,
1295,04/28/2023 05:31:43,71.58,46.980,50.31,,,
1296,04/28/2023 05:32:43,71.58,46.980,50.31,,,
1297,04/28/2023 05:33:43,71.58,46.980,50.31,,,
1298,04/28/2023 05:34:43,71.58,46.940,50.29,,,
1299,04/28/2023 05:35:43,71.58,46.940,50.29,,,
1300,04/28/2023 05:36:43,71.58,46.930,50.28,,,
1301,04/28/2023 05:37:43,71.58,46.930,50.28,,,
1302,04/28/2023 05:38:43,71.58,46.910,50.27,,,
1303,04/28/2023 05:39:43,71.58,46.930,50.28,,,
1304,04/28/2023 05:40:43,71.58,46.910,50.27,,,
1305,04/28/2023 05:41:43,71.58,46.920,50.28,,,
1306,04/28/2023 05:42:43,71.58,46.910,50.27,,,
1307,04/28/2023 05:43:43,71.58,46.920,50.28,,,
1308,04/28/2023 05:44:43,71.58,46.880,50.25,,,
1309,04/28/2023 05:45:43,71.58,46.890,50.26,,,
1310,04/28/2023 05:46:43,71.58,46.880,50.25,,,
1311,04/28/2023 05:47:43,71.58,46.880,50.25,,,
1312,04/28/2023 05:48:43,71.58,46.890,50.26,,,
1313,04/28/2023 05:49:43,71.58,46.870,50.25,,,
1314,04/28/2023 05:50:43,71.58,46.880,50.25,,,
1315,04/28/2023 05:51:43,71.58,46.870,50.25,,,
1316,04/28/2023 05:52:43,71.58,46.860,50.24,,,
1317,04/28/2023 05:53:43,71.58,46.880,50.25,,,
1318,04/28/2023 05:54:43,71.58,46.880,50.25,,,
1319,04/28/2023 05:55:43,71.58,46.860,50.24,,,
1320,04/28/2023 05:56:43,71.58,46.870,50.25,,,
1321,04/28/2023 05:57:43,71.58,46.850,50.24,,,
1322,04/28/2023 05:58:43,71.58,46.880,50.25,,,
1323,04/28/2023 05:59:43,71.58,46.910,50.27,,,
1324,04/28/2023 06:00:43,71.58,46.870,50.25,,,
1325,04/28/2023 06:01:43,71.58,46.870,50.25,,,
1326,04/28/2023 06:02:43,71.58,46.870,50.25,,,
1327,04/28/2023 06:03:43,71.58,46.850,50.24,,,
1328,04/28/2023 06:04:43,71.58,46.850,50.24,,,
1329,04/28/2023 06:05:43,71.58,46.830,50.23,,,
1330,04/28/2023 06:06:43,71.58,46.840,50.23,,,
1331,04/28/2023 06:07:43,71.58,46.850,50.24,,,
1332,04/28/2023 06:08:43,71.58,46.830,50.22,,,
1333,04/28/2023 06:09:43,71.58,46.810,50.22,,,
1334,04/28/2023 06:10:43,71.58,46.830,50.23,,,
1335,04/28/2023 06:11:43,71.58,46.830,50.22,,,
1336,04/28/2023 06:12:43,71.58,46.810,50.22,,,
1337,04/28/2023 06:13:43,71.58,46.810,50.22,,,
1338,04/28/2023 06:14:43,71.58,46.830,50.22,,,
1339,04/28/2023 06:15:43,71.58,46.830,50.22,,,
1340,04/28/2023 06:16:43,71.58,46.810,50.22,,,
1341,04/28/2023 06:17:43,71.58,46.830,50.22,,,
1342,04/28/2023 06:18:43,71.58,46.830,50.22,,,
1343,04/28/2023 06:19:43,71.58,46.810,50.21,,,
1344,04/28/2023 06:20:43,71.58,46.830,50.22,,,
1345,04/28/2023 06:21:43,71.58,46.830,50.22,,,
1346,04/28/2023 06:22:43,71.58,46.810,50.22,,,
1347,04/28/2023 06:23:43,71.58,46.830,50.23,,,
1348,04/28/2023 06:24:43,71.53,46.830,50.18,,,
1349,04/28/2023 06:25:43,71.58,46.850,50.24,,,
1350,04/28/2023 06:26:43,71.53,46.830,50.18,,,
1351,04/28/2023 06:27:43,71.53,46.810,50.17,,,
1352,04/28/2023 06:28:43,71.53,46.810,50.17,,,
1353,04/28/2023 06:29:43,71.58,46.830,50.22,,,
1354,04/28/2023 06:30:43,71.53,46.800,50.16,,,
1355,04/28/2023 06:31:43,71.53,46.810,50.17,,,
1356,04/28/2023 06:32:43,71.58,46.810,50.22,,,
1357,04/28/2023 06:33:43,71.58,46.810,50.22,,,
1358,04/28/2023 06:34:43,71.53,46.830,50.18,,,
1359,04/28/2023 06:35:43,71.53,46.850,50.19,,,
1360,04/28/2023 06:36:43,71.53,46.810,50.17,,,
1361,04/28/2023 06:37:43,71.53,46.810,50.17,,,
1362,04/28/2023 06:38:43,71.53,46.810,50.17,,,
1363,04/28/2023 06:39:43,71.58,46.800,50.21,,,
1364,04/28/2023 06:40:43,71.53,46.810,50.17,,,
1365,04/28/2023 06:41:43,71.53,46.800,50.16,,,
1366,04/28/2023 06:42:43,71.53,46.810,50.17,,,
1367,04/28/2023 06:43:43,71.58,46.810,50.22,,,
1368,04/28/2023 06:44:43,71.53,46.810,50.17,,,
1369,04/28/2023 06:45:43,71.53,46.780,50.15,,,
1370,04/28/2023 06:46:43,71.53,46.800,50.16,,,
1371,04/28/2023 06:47:43,71.53,46.810,50.17,,,
1372,04/28/2023 06:48:43,71.58,46.800,50.21,,,
1373,04/28/2023 06:49:43,71.58,46.800,50.21,,,
1374,04/28/2023 06:50:43,71.58,46.810,50.22,,,
1375,04/28/2023 06:51:43,71.58,46.800,50.21,,,
1376,04/28/2023 06:52:43,71.58,46.810,50.22,,,
1377,04/28/2023 06:53:43,71.58,46.810,50.22,,,
1378,04/28/2023 06:54:43,71.58,46.810,50.22,,,
1379,04/28/2023 06:55:43,71.58,46.800,50.21,,,
1380,04/28/2023 06:56:43,71.58,46.800,50.21,,,
1381,04/28/2023 06:57:43,71.58,46.830,50.22,,,
1382,04/28/2023 06:58:43,71.58,46.830,50.22,,,
1383,04/28/2023 06:59:43,71.58,46.830,50.23,,,
1384,04/28/2023 07:00:43,71.58,46.850,50.24,,,
1385,04/28/2023 07:01:43,71.58,46.890,50.26,,,
1386,04/28/2023 07:02:43,71.58,46.870,50.25,,,
1387,04/28/2023 07:03:43,71.58,46.920,50.28,,,
1388,04/28/2023 07:04:43,71.58,46.920,50.28,,,
1389,04/28/2023 07:05:43,71.58,46.950,50.30,,,
1390,04/28/2023 07:06:43,71.58,46.940,50.29,,,
1391,04/28/2023 07:07:43,71.58,46.940,50.29,,,
1392,04/28/2023 07:08:43,71.58,46.940,50.29,,,
1393,04/28/2023 07:09:43,71.58,46.940,50.29,,,
1394,04/28/2023 07:10:43,71.58,46.950,50.30,,,
1395,04/28/2023 07:11:43,71.58,46.960,50.30,,,
1396,04/28/2023 07:12:43,71.58,46.940,50.29,,,
1397,04/28/2023 07:13:43,71.58,46.960,50.30,,,
1398,04/28/2023 07:14:43,71.58,46.980,50.31,,,
1399,04/28/2023 07:15:43,71.58,47.000,50.32,,,
1400,04/28/2023 07:16:43,71.58,47.000,50.32,,,
1401,04/28/2023 07:17:43,71.58,47.000,50.32,,,
1402,04/28/2023 07:18:43,71.62,47.030,50.37,,,
1403,04/28/2023 07:19:43,71.62,47.060,50.39,,,
1404,04/28/2023 07:20:43,71.62,47.030,50.37,,,
1405,04/28/2023 07:21:43,71.62,47.060,50.39,,,
1406,04/28/2023 07:22:43,71.62,47.080,50.40,,,
1407,04/28/2023 07:23:43,71.62,47.100,50.41,,,
1408,04/28/2023 07:24:43,71.62,47.100,50.41,,,
1409,04/28/2023 07:25:43,71.62,47.100,50.41,,,
1410,04/28/2023 07:26:43,71.65,47.100,50.45,,,
1411,04/28/2023 07:27:43,71.65,47.120,50.46,,,
1412,04/28/2023 07:28:43,71.65,47.110,50.45,,,
1413,04/28/2023 07:29:43,71.65,47.130,50.46,,,
1414,04/28/2023 07:30:43,71.65,47.140,50.47,,,
1415,04/28/2023 07:31:43,71.71,47.160,50.53,,,
1416,04/28/2023 07:32:43,71.71,47.140,50.52,,,
1417,04/28/2023 07:33:43,71.71,47.140,50.52,,,
1418,04/28/2023 07:34:43,71.71,47.160,50.53,,,
1419,04/28/2023 07:35:43,71.71,47.160,50.53,,,
1420,04/28/2023 07:36:43,71.71,47.160,50.53,,,
1421,04/28/2023 07:37:43,71.71,47.140,50.52,,,
1422,04/28/2023 07:38:43,71.71,47.160,50.53,,,
1423,04/28/2023 07:39:43,71.71,47.160,50.53,,,
1424,04/28/2023 07:40:43,71.71,47.130,50.51,,,
1425,04/28/2023 07:41:43,71.71,47.140,50.52,,,
1426,04/28/2023 07:42:43,71.71,47.200,50.55,,,
1427,04/28/2023 07:43:43,71.71,47.180,50.54,,,
1428,04/28/2023 07:44:43,71.71,47.200,50.55,,,
1429,04/28/2023 07:45:43,71.71,47.200,50.55,,,
1430,04/28/2023 07:46:43,71.71,47.210,50.56,,,
1431,04/28/2023 07:47:43,71.71,47.210,50.56,,,
1432,04/28/2023 07:48:43,71.71,47.200,50.55,,,
1433,04/28/2023 07:49:43,71.71,47.200,50.55,,,
1434,04/28/2023 07:50:43,71.71,47.230,50.57,,,
1435,04/28/2023 07:51:43,71.71,47.370,50.65,,,
1436,04/28/2023 07:52:43,71.71,47.370,50.65,,,
1437,04/28/2023 07:53:43,71.71,47.630,50.79,,,
1438,04/28/2023 07:54:43,71.71,47.720,50.85,,,
1439,04/28/2023 07:55:43,71.71,48.720,51.41,,,
1440,04/28/2023 07:56:43,71.74,47.600,50.81,,,
1441,04/28/2023 07:57:43,71.80,47.360,50.72,,,
1442,04/28/2023 07:58:43,71.80,47.410,50.76,,,
1443,04/28/2023 07:59:43,71.87,48.260,51.30,,,
1444,04/28/2023 08:00:43,71.96,48.230,51.37,,,
1445,04/28/2023 08:01:43,72.01,47.770,51.16,,,
1446,04/28/2023 08:02:43,72.09,47.940,51.32,,,
1447,04/28/2023 08:03:43,72.14,47.280,50.99,,,
1448,04/28/2023 08:04:43,72.18,47.100,50.92,,,
1449,04/28/2023 08:05:43,72.27,47.020,50.96,,,
1450,04/28/2023 08:06:43,72.27,47.200,51.06,,,
1451,04/28/2023 08:07:43,72.30,47.000,50.98,,,
1452,04/28/2023 08:08:43,72.39,46.860,50.98,,,
1453,04/28/2023 08:09:43,72.45,46.860,51.03,,,
1454,04/28/2023 08:10:43,72.48,46.810,51.04,,,
1455,04/28/2023 08:11:43,72.52,46.700,51.00,,,
1456,04/28/2023 08:12:43,72.61,46.720,51.10,,,
1457,04/28/2023 08:13:43,72.64,46.730,51.13,,,
1458,04/28/2023 08:14:43,72.73,46.990,51.37,,,
1459,04/28/2023 08:15:43,72.82,47.730,51.87,,,
1460,04/28/2023 08:16:43,72.91,47.990,52.10,,,
1461,04/28/2023 08:17:43,72.95,46.700,51.40,,,
1462,04/28/2023 08:18:43,72.95,46.410,51.23,,,
1463,04/28/2023 08:19:43,73.00,46.290,51.21,,,
1464,04/28/2023 08:20:43,73.04,47.020,51.67,,,
1465,04/28/2023 08:21:43,73.08,46.660,51.49,,,
1466,04/28/2023 08:22:43,73.08,46.530,51.41,,,
1467,04/28/2023 08:23:42,,,,Logged,,
1468,04/28/2023 08:23:43,73.47,47.310,52.22,,,
1469,04/28/2023 08:24:02,,,,,Logged,Logged
